# nqp_key	sc_name -- the census key of each Perl6/Grammar.nqp declaration and the Snocone pattern it becomes
startstops/starter	ss3_starter
startstops/stopper	ss3_stopper
startstop/starter	ss2_starter
startstop/stopper	ss2_stopper
stop/starter	ss1_starter
stop/stopper	ss1_stopper
STD/opener	std_opener
STD/starter	std_starter
STD/stopper	std_stopper
STD/babble	std_babble
STD/herestop/starter	std_herestop_starter
STD/herestop/stopper	std_herestop_stopper
STD/cheat_heredoc	std_cheat_heredoc
STD/quibble	std_quibble
STD/obsbrace	std_obsbrace
STD/experimental	std_experimental
STD/RESTRICTED	std_RESTRICTED
Perl6::Grammar/apostrophe	g_apostrophe
Perl6::Grammar/identifier	g_identifier
Perl6::Grammar/name	g_name
Perl6::Grammar/morename	g_morename
Perl6::Grammar/longname	g_longname
Perl6::Grammar/deflongname	g_deflongname
Perl6::Grammar/subshortname	g_subshortname
Perl6::Grammar/sublongname	g_sublongname
Perl6::Grammar/deftermnow	g_deftermnow
Perl6::Grammar/defterm	g_defterm
Perl6::Grammar/module_name	g_module_name
Perl6::Grammar/end_keyword	g_end_keyword
Perl6::Grammar/end_prefix	g_end_prefix
Perl6::Grammar/spacey	g_spacey
Perl6::Grammar/kok	g_kok
Perl6::Grammar/tok	g_tok
Perl6::Grammar/ENDSTMT	g_ENDSTMT
Perl6::Grammar/_ws	g__ws
Perl6::Grammar/unsp	g_unsp
Perl6::Grammar/vws	g_vws
Perl6::Grammar/vcs-conflict	g_vcsx2dconflict
Perl6::Grammar/unv	g_unv
Perl6::Grammar/install_doc_phaser	g_install_doc_phaser
Perl6::Grammar/vnum	g_vnum
Perl6::Grammar/version	g_version
Perl6::Grammar/comp_unit	g_comp_unit
Perl6::Grammar/lang-version	g_langx2dversion
Perl6::Grammar/statementlist	g_statementlist
Perl6::Grammar/semilist	g_semilist
Perl6::Grammar/sequence	g_sequence
Perl6::Grammar/label	g_label
Perl6::Grammar/statement	g_statement
Perl6::Grammar/eat_terminator	g_eat_terminator
Perl6::Grammar/xblock	g_xblock
Perl6::Grammar/pblock	g_pblock
Perl6::Grammar/lambda	g_lambda
Perl6::Grammar/block	g_block
Perl6::Grammar/blockoid	g_blockoid
Perl6::Grammar/unitstart	g_unitstart
Perl6::Grammar/you_are_here	g_you_are_here
Perl6::Grammar/newpad	g_newpad
Perl6::Grammar/newthunk	g_newthunk
Perl6::Grammar/finishpad	g_finishpad
Perl6::Grammar/bom	g_bom
Perl6::Grammar/terminator	g_terminator
Perl6::Grammar/terminator:sym<;>	g_terminator__x3b
Perl6::Grammar/terminator:sym<)>	g_terminator__x29
Perl6::Grammar/terminator:sym<]>	g_terminator__x5d
Perl6::Grammar/terminator:sym<}>	g_terminator__x7d
Perl6::Grammar/terminator:sym<ang>	g_terminator__ang
Perl6::Grammar/terminator:sym<if>	g_terminator__if
Perl6::Grammar/terminator:sym<unless>	g_terminator__unless
Perl6::Grammar/terminator:sym<while>	g_terminator__while
Perl6::Grammar/terminator:sym<until>	g_terminator__until
Perl6::Grammar/terminator:sym<for>	g_terminator__for
Perl6::Grammar/terminator:sym<given>	g_terminator__given
Perl6::Grammar/terminator:sym<when>	g_terminator__when
Perl6::Grammar/terminator:sym<with>	g_terminator__with
Perl6::Grammar/terminator:sym<without>	g_terminator__without
Perl6::Grammar/terminator:sym<arrow>	g_terminator__arrow
Perl6::Grammar/stdstopper	g_stdstopper
Perl6::Grammar/statement_control	g_statement_control
Perl6::Grammar/statement_control:sym<if>	g_statement_control__if
Perl6::Grammar/statement_control:sym<unless>	g_statement_control__unless
Perl6::Grammar/statement_control:sym<without>	g_statement_control__without
Perl6::Grammar/statement_control:sym<while>	g_statement_control__while
Perl6::Grammar/statement_control:sym<repeat>	g_statement_control__repeat
Perl6::Grammar/statement_control:sym<for>	g_statement_control__for
Perl6::Grammar/statement_control:sym<whenever>	g_statement_control__whenever
Perl6::Grammar/statement_control:sym<foreach>	g_statement_control__foreach
Perl6::Grammar/statement_control:sym<loop>	g_statement_control__loop
Perl6::Grammar/statement_control:sym<need>	g_statement_control__need
Perl6::Grammar/statement_control:sym<import>	g_statement_control__import
Perl6::Grammar/statement_control:sym<no>	g_statement_control__no
Perl6::Grammar/statement_control:sym<use>	g_statement_control__use
Perl6::Grammar/statement_control:sym<require>	g_statement_control__require
Perl6::Grammar/statement_control:sym<given>	g_statement_control__given
Perl6::Grammar/statement_control:sym<when>	g_statement_control__when
Perl6::Grammar/statement_control:sym<default>	g_statement_control__default
Perl6::Grammar/statement_control:sym<CATCH>	g_statement_control__CATCH
Perl6::Grammar/statement_control:sym<CONTROL>	g_statement_control__CONTROL
Perl6::Grammar/statement_control:sym<QUIT>	g_statement_control__QUIT
Perl6::Grammar/statement_prefix	g_statement_prefix
Perl6::Grammar/statement_prefix:sym<BEGIN>	g_statement_prefix__BEGIN
Perl6::Grammar/statement_prefix:sym<TEMP>	g_statement_prefix__TEMP
Perl6::Grammar/statement_prefix:sym<CHECK>	g_statement_prefix__CHECK
Perl6::Grammar/statement_prefix:sym<INIT>	g_statement_prefix__INIT
Perl6::Grammar/statement_prefix:sym<ENTER>	g_statement_prefix__ENTER
Perl6::Grammar/statement_prefix:sym<FIRST>	g_statement_prefix__FIRST
Perl6::Grammar/statement_prefix:sym<END>	g_statement_prefix__END
Perl6::Grammar/statement_prefix:sym<LEAVE>	g_statement_prefix__LEAVE
Perl6::Grammar/statement_prefix:sym<KEEP>	g_statement_prefix__KEEP
Perl6::Grammar/statement_prefix:sym<UNDO>	g_statement_prefix__UNDO
Perl6::Grammar/statement_prefix:sym<NEXT>	g_statement_prefix__NEXT
Perl6::Grammar/statement_prefix:sym<LAST>	g_statement_prefix__LAST
Perl6::Grammar/statement_prefix:sym<PRE>	g_statement_prefix__PRE
Perl6::Grammar/statement_prefix:sym<POST>	g_statement_prefix__POST
Perl6::Grammar/statement_prefix:sym<CLOSE>	g_statement_prefix__CLOSE
Perl6::Grammar/statement_prefix:sym<race>	g_statement_prefix__race
Perl6::Grammar/statement_prefix:sym<hyper>	g_statement_prefix__hyper
Perl6::Grammar/statement_prefix:sym<lazy>	g_statement_prefix__lazy
Perl6::Grammar/statement_prefix:sym<eager>	g_statement_prefix__eager
Perl6::Grammar/statement_prefix:sym<sink>	g_statement_prefix__sink
Perl6::Grammar/statement_prefix:sym<try>	g_statement_prefix__try
Perl6::Grammar/statement_prefix:sym<quietly>	g_statement_prefix__quietly
Perl6::Grammar/statement_prefix:sym<gather>	g_statement_prefix__gather
Perl6::Grammar/statement_prefix:sym<once>	g_statement_prefix__once
Perl6::Grammar/statement_prefix:sym<start>	g_statement_prefix__start
Perl6::Grammar/statement_prefix:sym<supply>	g_statement_prefix__supply
Perl6::Grammar/statement_prefix:sym<react>	g_statement_prefix__react
Perl6::Grammar/statement_prefix:sym<do>	g_statement_prefix__do
Perl6::Grammar/statement_prefix:sym<DOC>	g_statement_prefix__DOC
Perl6::Grammar/blorst	g_blorst
Perl6::Grammar/statement_mod_cond	g_statement_mod_cond
Perl6::Grammar/modifier_expr	g_modifier_expr
Perl6::Grammar/smexpr	g_smexpr
Perl6::Grammar/statement_mod_cond:sym<if>	g_statement_mod_cond__if
Perl6::Grammar/statement_mod_cond:sym<unless>	g_statement_mod_cond__unless
Perl6::Grammar/statement_mod_cond:sym<when>	g_statement_mod_cond__when
Perl6::Grammar/statement_mod_cond:sym<with>	g_statement_mod_cond__with
Perl6::Grammar/statement_mod_cond:sym<without>	g_statement_mod_cond__without
Perl6::Grammar/statement_mod_loop	g_statement_mod_loop
Perl6::Grammar/statement_mod_loop:sym<while>	g_statement_mod_loop__while
Perl6::Grammar/statement_mod_loop:sym<until>	g_statement_mod_loop__until
Perl6::Grammar/statement_mod_loop:sym<for>	g_statement_mod_loop__for
Perl6::Grammar/statement_mod_loop:sym<given>	g_statement_mod_loop__given
Perl6::Grammar/term:sym<fatarrow>	g_term__fatarrow
Perl6::Grammar/term:sym<colonpair>	g_term__colonpair
Perl6::Grammar/term:sym<variable>	g_term__variable
Perl6::Grammar/term:sym<package_declarator>	g_term__package_declarator
Perl6::Grammar/term:sym<scope_declarator>	g_term__scope_declarator
Perl6::Grammar/term:sym<routine_declarator>	g_term__routine_declarator
Perl6::Grammar/term:sym<multi_declarator>	g_term__multi_declarator
Perl6::Grammar/term:sym<regex_declarator>	g_term__regex_declarator
Perl6::Grammar/term:sym<circumfix>	g_term__circumfix
Perl6::Grammar/term:sym<statement_prefix>	g_term__statement_prefix
Perl6::Grammar/term:sym<**>	g_term__x2ax2a
Perl6::Grammar/term:sym<*>	g_term__x2a
Perl6::Grammar/term:sym<lambda>	g_term__lambda
Perl6::Grammar/term:sym<type_declarator>	g_term__type_declarator
Perl6::Grammar/term:sym<value>	g_term__value
Perl6::Grammar/term:sym<unquote>	g_term__unquote
Perl6::Grammar/term:sym<!!>	g_term__x21x21
Perl6::Grammar/term:sym<::?IDENT>	g_term__x3ax3ax3fIDENT
Perl6::Grammar/term:sym<p5end>	g_term__p5end
Perl6::Grammar/term:sym<p5data>	g_term__p5data
Perl6::Grammar/infix:sym<lambda>	g_infix__lambda
Perl6::Grammar/term:sym<undef>	g_term__undef
Perl6::Grammar/term:sym<new>	g_term__new
Perl6::Grammar/fatarrow	g_fatarrow
Perl6::Grammar/coloncircumfix	g_coloncircumfix
Perl6::Grammar/colonpair	g_colonpair
Perl6::Grammar/colonpair_variable	g_colonpair_variable
Perl6::Grammar/special_variable	g_special_variable
Perl6::Grammar/special_variable:sym<$!{ }>	g_special_variable__x24x21x7bx20x7d
Perl6::Grammar/special_variable:sym<$`>	g_special_variable__x24x60
Perl6::Grammar/special_variable:sym<$@>	g_special_variable__x24x40
Perl6::Grammar/special_variable:sym<$#>	g_special_variable__x24x23
Perl6::Grammar/special_variable:sym<$$>	g_special_variable__x24x24
Perl6::Grammar/special_variable:sym<$&>	g_special_variable__x24x26
Perl6::Grammar/special_variable:sym<@+>	g_special_variable__x40x2b
Perl6::Grammar/special_variable:sym<%+>	g_special_variable__x25x2b
Perl6::Grammar/special_variable:sym<$+[ ]>	g_special_variable__x24x2bx5bx20x5d
Perl6::Grammar/special_variable:sym<@+[ ]>	g_special_variable__x40x2bx5bx20x5d
Perl6::Grammar/special_variable:sym<@+{ }>	g_special_variable__x40x2bx7bx20x7d
Perl6::Grammar/special_variable:sym<@->	g_special_variable__x40x2d
Perl6::Grammar/special_variable:sym<%->	g_special_variable__x25x2d
Perl6::Grammar/special_variable:sym<$-[ ]>	g_special_variable__x24x2dx5bx20x5d
Perl6::Grammar/special_variable:sym<@-[ ]>	g_special_variable__x40x2dx5bx20x5d
Perl6::Grammar/special_variable:sym<%-{ }>	g_special_variable__x25x2dx7bx20x7d
Perl6::Grammar/special_variable:sym<$/>	g_special_variable__x24x2f
Perl6::Grammar/special_variable:sym<$\\>	g_special_variable__x24x5cx5c
Perl6::Grammar/special_variable:sym<$|>	g_special_variable__x24x7c
Perl6::Grammar/special_variable:sym<$;>	g_special_variable__x24x3b
Perl6::Grammar/special_variable:sym<$'>	g_special_variable__x24x27
Perl6::Grammar/special_variable:sym<$">	g_special_variable__x24x22
Perl6::Grammar/special_variable:sym<$,>	g_special_variable__x24x2c
Perl6::Grammar/special_variable:sym<$.>	g_special_variable__x24x2e
Perl6::Grammar/special_variable:sym<$?>	g_special_variable__x24x3f
Perl6::Grammar/special_variable:sym<$]>	g_special_variable__x24x5d
Perl6::Grammar/special_variable:sym<${ }>	g_special_variable__x24x7bx20x7d
Perl6::Grammar/desigilname	g_desigilname
Perl6::Grammar/desigilmetaname	g_desigilmetaname
Perl6::Grammar/sigilless-variable	g_sigillessx2dvariable
Perl6::Grammar/variable	g_variable
Perl6::Grammar/contextualizer	g_contextualizer
Perl6::Grammar/sigil	g_sigil
Perl6::Grammar/twigil	g_twigil
Perl6::Grammar/twigil:sym<.>	g_twigil__x2e
Perl6::Grammar/twigil:sym<!>	g_twigil__x21
Perl6::Grammar/twigil:sym<^>	g_twigil__x5e
Perl6::Grammar/twigil:sym<:>	g_twigil__x3a
Perl6::Grammar/twigil:sym<*>	g_twigil__x2a
Perl6::Grammar/twigil:sym<?>	g_twigil__x3f
Perl6::Grammar/twigil:sym<=>	g_twigil__x3d
Perl6::Grammar/twigil:sym<~>	g_twigil__x7e
Perl6::Grammar/package_declarator	g_package_declarator
Perl6::Grammar/package_declarator:sym<package>	g_package_declarator__package
Perl6::Grammar/package_declarator:sym<module>	g_package_declarator__module
Perl6::Grammar/package_declarator:sym<class>	g_package_declarator__class
Perl6::Grammar/package_declarator:sym<grammar>	g_package_declarator__grammar
Perl6::Grammar/package_declarator:sym<role>	g_package_declarator__role
Perl6::Grammar/package_declarator:sym<knowhow>	g_package_declarator__knowhow
Perl6::Grammar/package_declarator:sym<native>	g_package_declarator__native
Perl6::Grammar/package_declarator:sym<slang>	g_package_declarator__slang
Perl6::Grammar/package_declarator:sym<trusts>	g_package_declarator__trusts
Perl6::Grammar/package_declarator:sym<also>	g_package_declarator__also
Perl6::Grammar/package_def	g_package_def
Perl6::Grammar/declarator	g_declarator
Perl6::Grammar/multi_declarator	g_multi_declarator
Perl6::Grammar/multi_declarator:sym<multi>	g_multi_declarator__multi
Perl6::Grammar/multi_declarator:sym<proto>	g_multi_declarator__proto
Perl6::Grammar/multi_declarator:sym<only>	g_multi_declarator__only
Perl6::Grammar/multi_declarator:sym<null>	g_multi_declarator__null
Perl6::Grammar/scope_declarator	g_scope_declarator
Perl6::Grammar/scope_declarator:sym<my>	g_scope_declarator__my
Perl6::Grammar/scope_declarator:sym<our>	g_scope_declarator__our
Perl6::Grammar/scope_declarator:sym<has>	g_scope_declarator__has
Perl6::Grammar/scope_declarator:sym<HAS>	g_scope_declarator__HAS
Perl6::Grammar/scope_declarator:sym<augment>	g_scope_declarator__augment
Perl6::Grammar/scope_declarator:sym<anon>	g_scope_declarator__anon
Perl6::Grammar/scope_declarator:sym<state>	g_scope_declarator__state
Perl6::Grammar/scope_declarator:sym<supersede>	g_scope_declarator__supersede
Perl6::Grammar/scope_declarator:sym<unit>	g_scope_declarator__unit
Perl6::Grammar/scoped	g_scoped
Perl6::Grammar/variable_declarator	g_variable_declarator
Perl6::Grammar/routine_declarator	g_routine_declarator
Perl6::Grammar/routine_declarator:sym<sub>	g_routine_declarator__sub
Perl6::Grammar/routine_declarator:sym<method>	g_routine_declarator__method
Perl6::Grammar/routine_declarator:sym<submethod>	g_routine_declarator__submethod
Perl6::Grammar/routine_declarator:sym<macro>	g_routine_declarator__macro
Perl6::Grammar/routine_def	g_routine_def
Perl6::Grammar/method_def	g_method_def
Perl6::Grammar/macro_def	g_macro_def
Perl6::Grammar/onlystar	g_onlystar
Perl6::Grammar/capterm	g_capterm
Perl6::Grammar/param_sep	g_param_sep
Perl6::Grammar/multisig	g_multisig
Perl6::Grammar/sigterm	g_sigterm
Perl6::Grammar/fakesignature	g_fakesignature
Perl6::Grammar/signature	g_signature
Perl6::Grammar/parameter	g_parameter
Perl6::Grammar/param_var	g_param_var
Perl6::Grammar/param_term	g_param_term
Perl6::Grammar/named_param	g_named_param
Perl6::Grammar/default_value	g_default_value
Perl6::Grammar/type_constraint	g_type_constraint
Perl6::Grammar/post_constraint	g_post_constraint
Perl6::Grammar/regex_declarator	g_regex_declarator
Perl6::Grammar/regex_declarator:sym<rule>	g_regex_declarator__rule
Perl6::Grammar/regex_declarator:sym<token>	g_regex_declarator__token
Perl6::Grammar/regex_declarator:sym<regex>	g_regex_declarator__regex
Perl6::Grammar/regex_def	g_regex_def
Perl6::Grammar/type_declarator	g_type_declarator
Perl6::Grammar/type_declarator:sym<enum>	g_type_declarator__enum
Perl6::Grammar/type_declarator:sym<subset>	g_type_declarator__subset
Perl6::Grammar/type_declarator:sym<constant>	g_type_declarator__constant
Perl6::Grammar/initializer	g_initializer
Perl6::Grammar/initializer:sym<=>	g_initializer__x3d
Perl6::Grammar/initializer:sym<:=>	g_initializer__x3ax3d
Perl6::Grammar/initializer:sym<::=>	g_initializer__x3ax3ax3d
Perl6::Grammar/initializer:sym<.=>	g_initializer__x2ex3d
Perl6::Grammar/trait	g_trait
Perl6::Grammar/trait_mod	g_trait_mod
Perl6::Grammar/trait_mod:sym<is>	g_trait_mod__is
Perl6::Grammar/trait_mod:sym<hides>	g_trait_mod__hides
Perl6::Grammar/trait_mod:sym<does>	g_trait_mod__does
Perl6::Grammar/trait_mod:sym<will>	g_trait_mod__will
Perl6::Grammar/trait_mod:sym<of>	g_trait_mod__of
Perl6::Grammar/trait_mod:sym<returns>	g_trait_mod__returns
Perl6::Grammar/trait_mod:sym<handles>	g_trait_mod__handles
Perl6::Grammar/bad_trait_typename	g_bad_trait_typename
Perl6::Grammar/term	g_term
Perl6::Grammar/term:sym<self>	g_term__self
Perl6::Grammar/term:sym<now>	g_term__now
Perl6::Grammar/term:sym<time>	g_term__time
Perl6::Grammar/term:sym<nano>	g_term__nano
Perl6::Grammar/term:sym<empty_set>	g_term__empty_set
Perl6::Grammar/term:sym<rand>	g_term__rand
Perl6::Grammar/term:sym<...>	g_term__x2ex2ex2e
Perl6::Grammar/term:sym<???>	g_term__x3fx3fx3f
Perl6::Grammar/term:sym<!!!>	g_term__x21x21x21
Perl6::Grammar/term:sym<identifier>	g_term__identifier
Perl6::Grammar/term:sym<nqp::op>	g_term__nqpx3ax3aop
Perl6::Grammar/term:sym<nqp::const>	g_term__nqpx3ax3aconst
Perl6::Grammar/term:sym<name>	g_term__name
Perl6::Grammar/term:sym<dotty>	g_term__dotty
Perl6::Grammar/term:sym<capterm>	g_term__capterm
Perl6::Grammar/term:sym<onlystar>	g_term__onlystar
Perl6::Grammar/args	g_args
Perl6::Grammar/semiarglist	g_semiarglist
Perl6::Grammar/arglist	g_arglist
Perl6::Grammar/value	g_value
Perl6::Grammar/value:sym<quote>	g_value__quote
Perl6::Grammar/value:sym<number>	g_value__number
Perl6::Grammar/value:sym<version>	g_value__version
Perl6::Grammar/number	g_number
Perl6::Grammar/number:sym<numish>	g_number__numish
Perl6::Grammar/signed-number	g_signedx2dnumber
Perl6::Grammar/numish	g_numish
Perl6::Grammar/dec_number	g_dec_number
Perl6::Grammar/signed-integer	g_signedx2dinteger
Perl6::Grammar/integer	g_integer
Perl6::Grammar/rad_number	g_rad_number
Perl6::Grammar/radint	g_radint
Perl6::Grammar/escale	g_escale
Perl6::Grammar/sign	g_sign
Perl6::Grammar/rat_number	g_rat_number
Perl6::Grammar/bare_rat_number	g_bare_rat_number
Perl6::Grammar/complex_number	g_complex_number
Perl6::Grammar/bare_complex_number	g_bare_complex_number
Perl6::Grammar/typename	g_typename
Perl6::Grammar/typo_typename	g_typo_typename
Perl6::Grammar/quotepair	g_quotepair
Perl6::Grammar/rx_adverbs	g_rx_adverbs
Perl6::Grammar/qok	g_qok
Perl6::Grammar/quote_mod	g_quote_mod
Perl6::Grammar/quote_mod:sym<w>	g_quote_mod__w
Perl6::Grammar/quote_mod:sym<ww>	g_quote_mod__ww
Perl6::Grammar/quote_mod:sym<x>	g_quote_mod__x
Perl6::Grammar/quote_mod:sym<to>	g_quote_mod__to
Perl6::Grammar/quote_mod:sym<s>	g_quote_mod__s
Perl6::Grammar/quote_mod:sym<a>	g_quote_mod__a
Perl6::Grammar/quote_mod:sym<h>	g_quote_mod__h
Perl6::Grammar/quote_mod:sym<f>	g_quote_mod__f
Perl6::Grammar/quote_mod:sym<c>	g_quote_mod__c
Perl6::Grammar/quote_mod:sym<b>	g_quote_mod__b
Perl6::Grammar/quote	g_quote
Perl6::Grammar/quote:sym<apos>	g_quote__apos
Perl6::Grammar/quote:sym<sapos>	g_quote__sapos
Perl6::Grammar/quote:sym<lapos>	g_quote__lapos
Perl6::Grammar/quote:sym<hapos>	g_quote__hapos
Perl6::Grammar/quote:sym<dblq>	g_quote__dblq
Perl6::Grammar/quote:sym<sdblq>	g_quote__sdblq
Perl6::Grammar/quote:sym<ldblq>	g_quote__ldblq
Perl6::Grammar/quote:sym<hdblq>	g_quote__hdblq
Perl6::Grammar/quote:sym<crnr>	g_quote__crnr
Perl6::Grammar/quote:sym<q>	g_quote__q
Perl6::Grammar/quote:sym<qq>	g_quote__qq
Perl6::Grammar/quote:sym<Q>	g_quote__Q
Perl6::Grammar/quote:sym</null/>	g_quote__x2fnullx2f
Perl6::Grammar/quote:sym</ />	g_quote__x2fx20x2f
Perl6::Grammar/quote:sym<rx>	g_quote__rx
Perl6::Grammar/quote:sym<m>	g_quote__m
Perl6::Grammar/quote:sym<qr>	g_quote__qr
Perl6::Grammar/setup_quotepair	g_setup_quotepair
Perl6::Grammar/sibble	g_sibble
Perl6::Grammar/quote:sym<s>	g_quote__s
Perl6::Grammar/tribble	g_tribble
Perl6::Grammar/quote:sym<tr>	g_quote__tr
Perl6::Grammar/quote:sym<y>	g_quote__y
Perl6::Grammar/old_rx_mods	g_old_rx_mods
Perl6::Grammar/quote:sym<quasi>	g_quote__quasi
Perl6::Grammar/circumfix:sym<STATEMENT_LIST( )>	g_circumfix__STATEMENT_LISTx28x20x29
Perl6::Grammar/circumfix:sym<( )>	g_circumfix__x28x20x29
Perl6::Grammar/circumfix:sym<[ ]>	g_circumfix__x5bx20x5d
Perl6::Grammar/circumfix:sym<ang>	g_circumfix__ang
Perl6::Grammar/circumfix:sym«<< >>»	g_circumfix__x3cx3cx20x3ex3e
Perl6::Grammar/circumfix:sym<« »>	g_circumfix__u00abx20u00bb
Perl6::Grammar/circumfix:sym<{ }>	g_circumfix__x7bx20x7d
Perl6::Grammar/termish	g_termish
Perl6::Grammar/arg_flat_nok	g_arg_flat_nok
Perl6::Grammar/prefixish	g_prefixish
Perl6::Grammar/infixish	g_infixish
Perl6::Grammar/fake_infix	g_fake_infix
Perl6::Grammar/infixstopper	g_infixstopper
Perl6::Grammar/postfixish	g_postfixish
Perl6::Grammar/postop	g_postop
Perl6::Grammar/prefix_circumfix_meta_operator	g_prefix_circumfix_meta_operator
Perl6::Grammar/infix_postfix_meta_operator	g_infix_postfix_meta_operator
Perl6::Grammar/infix_prefix_meta_operator	g_infix_prefix_meta_operator
Perl6::Grammar/infix_circumfix_meta_operator	g_infix_circumfix_meta_operator
Perl6::Grammar/postfix_prefix_meta_operator	g_postfix_prefix_meta_operator
Perl6::Grammar/prefix_postfix_meta_operator	g_prefix_postfix_meta_operator
Perl6::Grammar/term:sym<reduce>	g_term__reduce
Perl6::Grammar/postfix_prefix_meta_operator:sym<»>	g_postfix_prefix_meta_operator__u00bb
Perl6::Grammar/prefix_postfix_meta_operator:sym<«>	g_prefix_postfix_meta_operator__u00ab
Perl6::Grammar/infix_circumfix_meta_operator:sym<« »>	g_infix_circumfix_meta_operator__u00abx20u00bb
Perl6::Grammar/infix_circumfix_meta_operator:sym«<< >>»	g_infix_circumfix_meta_operator__x3cx3cx20x3ex3e
Perl6::Grammar/revO	g_revO
Perl6::Grammar/dotty	g_dotty
Perl6::Grammar/dotty:sym<.>	g_dotty__x2e
Perl6::Grammar/dotty:sym<.*>	g_dotty__x2ex2a
Perl6::Grammar/dottyop	g_dottyop
Perl6::Grammar/privop	g_privop
Perl6::Grammar/methodop	g_methodop
Perl6::Grammar/dottyopish	g_dottyopish
Perl6::Grammar/postcircumfix:sym<[ ]>	g_postcircumfix__x5bx20x5d
Perl6::Grammar/postcircumfix:sym<{ }>	g_postcircumfix__x7bx20x7d
Perl6::Grammar/postcircumfix:sym<ang>	g_postcircumfix__ang
Perl6::Grammar/postcircumfix:sym«<< >>»	g_postcircumfix__x3cx3cx20x3ex3e
Perl6::Grammar/postcircumfix:sym<« »>	g_postcircumfix__u00abx20u00bb
Perl6::Grammar/postcircumfix:sym<( )>	g_postcircumfix__x28x20x29
Perl6::Grammar/postcircumfix:sym<[; ]>	g_postcircumfix__x5bx3bx20x5d
Perl6::Grammar/postcircumfix:sym<{; }>	g_postcircumfix__x7bx3bx20x7d
Perl6::Grammar/circumfix:sym<:{ }>	g_circumfix__x3ax7bx20x7d
Perl6::Grammar/postfix:sym<i>	g_postfix__i
Perl6::Grammar/prefix:sym<++>	g_prefix__x2bx2b
Perl6::Grammar/prefix:sym<-->	g_prefix__x2dx2d
Perl6::Grammar/prefix:sym<++⚛>	g_prefix__x2bx2bu269b
Perl6::Grammar/prefix:sym<--⚛>	g_prefix__x2dx2du269b
Perl6::Grammar/postfix:sym<++>	g_postfix__x2bx2b
Perl6::Grammar/postfix:sym<-->	g_postfix__x2dx2d
Perl6::Grammar/postfix:sym<⚛++>	g_postfix__u269bx2bx2b
Perl6::Grammar/postfix:sym<⚛-->	g_postfix__u269bx2dx2d
Perl6::Grammar/postfix:sym<ⁿ>	g_postfix__u207f
Perl6::Grammar/postfix:sym«->»	g_postfix__x2dx3e
Perl6::Grammar/infix:sym<**>	g_infix__x2ax2a
Perl6::Grammar/prefix:sym<+>	g_prefix__x2b
Perl6::Grammar/prefix:sym<~~>	g_prefix__x7ex7e
Perl6::Grammar/prefix:sym<~>	g_prefix__x7e
Perl6::Grammar/prefix:sym<->	g_prefix__x2d
Perl6::Grammar/prefix:sym<−>	g_prefix__u2212
Perl6::Grammar/prefix:sym<??>	g_prefix__x3fx3f
Perl6::Grammar/prefix:sym<?>	g_prefix__x3f
Perl6::Grammar/prefix:sym<!>	g_prefix__x21
Perl6::Grammar/prefix:sym<|>	g_prefix__x7c
Perl6::Grammar/prefix:sym<+^>	g_prefix__x2bx5e
Perl6::Grammar/prefix:sym<~^>	g_prefix__x7ex5e
Perl6::Grammar/prefix:sym<?^>	g_prefix__x3fx5e
Perl6::Grammar/prefix:sym<^^>	g_prefix__x5ex5e
Perl6::Grammar/prefix:sym<^>	g_prefix__x5e
Perl6::Grammar/prefix:sym<⚛>	g_prefix__u269b
Perl6::Grammar/prefix:sym<//>	g_prefix__x2fx2f
Perl6::Grammar/infix:sym<*>	g_infix__x2a
Perl6::Grammar/infix:sym<×>	g_infix__u00d7
Perl6::Grammar/infix:sym</>	g_infix__x2f
Perl6::Grammar/infix:sym<÷>	g_infix__u00f7
Perl6::Grammar/infix:sym<div>	g_infix__div
Perl6::Grammar/infix:sym<gcd>	g_infix__gcd
Perl6::Grammar/infix:sym<lcm>	g_infix__lcm
Perl6::Grammar/infix:sym<%>	g_infix__x25
Perl6::Grammar/infix:sym<mod>	g_infix__mod
Perl6::Grammar/infix:sym<%%>	g_infix__x25x25
Perl6::Grammar/infix:sym<+&>	g_infix__x2bx26
Perl6::Grammar/infix:sym<~&>	g_infix__x7ex26
Perl6::Grammar/infix:sym<?&>	g_infix__x3fx26
Perl6::Grammar/infix:sym«+<»	g_infix__x2bx3c
Perl6::Grammar/infix:sym«+>»	g_infix__x2bx3e
Perl6::Grammar/infix:sym«~<»	g_infix__x7ex3c
Perl6::Grammar/infix:sym«~>»	g_infix__x7ex3e
Perl6::Grammar/infix:sym«<<»	g_infix__x3cx3c
Perl6::Grammar/infix:sym«>>»	g_infix__x3ex3e
Perl6::Grammar/infix:sym<+>	g_infix__x2b
Perl6::Grammar/infix:sym<->	g_infix__x2d
Perl6::Grammar/infix:sym<−>	g_infix__u2212
Perl6::Grammar/infix:sym<+|>	g_infix__x2bx7c
Perl6::Grammar/infix:sym<+^>	g_infix__x2bx5e
Perl6::Grammar/infix:sym<~|>	g_infix__x7ex7c
Perl6::Grammar/infix:sym<~^>	g_infix__x7ex5e
Perl6::Grammar/infix:sym<?|>	g_infix__x3fx7c
Perl6::Grammar/infix:sym<?^>	g_infix__x3fx5e
Perl6::Grammar/infix:sym<x>	g_infix__x
Perl6::Grammar/infix:sym<xx>	g_infix__xx
Perl6::Grammar/infix:sym<~>	g_infix__x7e
Perl6::Grammar/infix:sym<.>	g_infix__x2e
Perl6::Grammar/infix:sym<∘>	g_infix__u2218
Perl6::Grammar/infix:sym<o>	g_infix__o
Perl6::Grammar/infix:sym<&>	g_infix__x26
Perl6::Grammar/infix:sym<(&)>	g_infix__x28x26x29
Perl6::Grammar/infix:sym«∩»	g_infix__u2229
Perl6::Grammar/infix:sym<(.)>	g_infix__x28x2ex29
Perl6::Grammar/infix:sym«⊍»	g_infix__u228d
Perl6::Grammar/infix:sym<|>	g_infix__x7c
Perl6::Grammar/infix:sym<^>	g_infix__x5e
Perl6::Grammar/infix:sym<(|)>	g_infix__x28x7cx29
Perl6::Grammar/infix:sym«∪»	g_infix__u222a
Perl6::Grammar/infix:sym<(^)>	g_infix__x28x5ex29
Perl6::Grammar/infix:sym«⊖»	g_infix__u2296
Perl6::Grammar/infix:sym<(+)>	g_infix__x28x2bx29
Perl6::Grammar/infix:sym«⊎»	g_infix__u228e
Perl6::Grammar/infix:sym<(-)>	g_infix__x28x2dx29
Perl6::Grammar/infix:sym«∖»	g_infix__u2216
Perl6::Grammar/prefix:sym<let>	g_prefix__let
Perl6::Grammar/prefix:sym<temp>	g_prefix__temp
Perl6::Grammar/infix:sym«=~=»	g_infix__x3dx7ex3d
Perl6::Grammar/infix:sym«≅»	g_infix__u2245
Perl6::Grammar/infix:sym«==»	g_infix__x3dx3d
Perl6::Grammar/infix:sym«⩵»	g_infix__u2a75
Perl6::Grammar/infix:sym«!=»	g_infix__x21x3d
Perl6::Grammar/infix:sym«≠»	g_infix__u2260
Perl6::Grammar/infix:sym«<=»	g_infix__x3cx3d
Perl6::Grammar/infix:sym«≤»	g_infix__u2264
Perl6::Grammar/infix:sym«>=»	g_infix__x3ex3d
Perl6::Grammar/infix:sym«≥»	g_infix__u2265
Perl6::Grammar/infix:sym«<»	g_infix__x3c
Perl6::Grammar/infix:sym«>»	g_infix__x3e
Perl6::Grammar/infix:sym«eq»	g_infix__eq
Perl6::Grammar/infix:sym«ne»	g_infix__ne
Perl6::Grammar/infix:sym«le»	g_infix__le
Perl6::Grammar/infix:sym«ge»	g_infix__ge
Perl6::Grammar/infix:sym«lt»	g_infix__lt
Perl6::Grammar/infix:sym«gt»	g_infix__gt
Perl6::Grammar/infix:sym«=:=»	g_infix__x3dx3ax3d
Perl6::Grammar/infix:sym<===>	g_infix__x3dx3dx3d
Perl6::Grammar/infix:sym<⩶>	g_infix__u2a76
Perl6::Grammar/infix:sym<eqv>	g_infix__eqv
Perl6::Grammar/infix:sym<before>	g_infix__before
Perl6::Grammar/infix:sym<after>	g_infix__after
Perl6::Grammar/infix:sym<~~>	g_infix__x7ex7e
Perl6::Grammar/infix:sym<!~~>	g_infix__x21x7ex7e
Perl6::Grammar/infix:sym<(elem)>	g_infix__x28elemx29
Perl6::Grammar/infix:sym«∈»	g_infix__u2208
Perl6::Grammar/infix:sym«∊»	g_infix__u220a
Perl6::Grammar/infix:sym«∉»	g_infix__u2209
Perl6::Grammar/infix:sym<(cont)>	g_infix__x28contx29
Perl6::Grammar/infix:sym«∋»	g_infix__u220b
Perl6::Grammar/infix:sym«∍»	g_infix__u220d
Perl6::Grammar/infix:sym«∌»	g_infix__u220c
Perl6::Grammar/infix:sym«(<)»	g_infix__x28x3cx29
Perl6::Grammar/infix:sym«⊂»	g_infix__u2282
Perl6::Grammar/infix:sym«⊄»	g_infix__u2284
Perl6::Grammar/infix:sym«(>)»	g_infix__x28x3ex29
Perl6::Grammar/infix:sym«⊃»	g_infix__u2283
Perl6::Grammar/infix:sym«⊅»	g_infix__u2285
Perl6::Grammar/infix:sym«(==)»	g_infix__x28x3dx3dx29
Perl6::Grammar/infix:sym«≡»	g_infix__u2261
Perl6::Grammar/infix:sym«≢»	g_infix__u2262
Perl6::Grammar/infix:sym«(<=)»	g_infix__x28x3cx3dx29
Perl6::Grammar/infix:sym«⊆»	g_infix__u2286
Perl6::Grammar/infix:sym«⊈»	g_infix__u2288
Perl6::Grammar/infix:sym«(>=)»	g_infix__x28x3ex3dx29
Perl6::Grammar/infix:sym«⊇»	g_infix__u2287
Perl6::Grammar/infix:sym«⊉»	g_infix__u2289
Perl6::Grammar/infix:sym«(<+)»	g_infix__x28x3cx2bx29
Perl6::Grammar/infix:sym«≼»	g_infix__u227c
Perl6::Grammar/infix:sym«(>+)»	g_infix__x28x3ex2bx29
Perl6::Grammar/infix:sym«≽»	g_infix__u227d
Perl6::Grammar/infix:sym<&&>	g_infix__x26x26
Perl6::Grammar/infix:sym<||>	g_infix__x7cx7c
Perl6::Grammar/infix:sym<^^>	g_infix__x5ex5e
Perl6::Grammar/infix:sym<//>	g_infix__x2fx2f
Perl6::Grammar/infix:sym<min>	g_infix__min
Perl6::Grammar/infix:sym<max>	g_infix__max
Perl6::Grammar/infix:sym<?? !!>	g_infix__x3fx3fx20x21x21
Perl6::Grammar/infix_prefix_meta_operator:sym<!>	g_infix_prefix_meta_operator__x21
Perl6::Grammar/infix_prefix_meta_operator:sym<R>	g_infix_prefix_meta_operator__R
Perl6::Grammar/infix_prefix_meta_operator:sym<S>	g_infix_prefix_meta_operator__S
Perl6::Grammar/infix_prefix_meta_operator:sym<X>	g_infix_prefix_meta_operator__X
Perl6::Grammar/infix_prefix_meta_operator:sym<Z>	g_infix_prefix_meta_operator__Z
Perl6::Grammar/infix:sym<minmax>	g_infix__minmax
Perl6::Grammar/infix:sym<:=>	g_infix__x3ax3d
Perl6::Grammar/infix:sym<::=>	g_infix__x3ax3ax3d
Perl6::Grammar/infix:sym<.=>	g_infix__x2ex3d
Perl6::Grammar/infix_postfix_meta_operator:sym<=>	g_infix_postfix_meta_operator__x3d
Perl6::Grammar/infix:sym«=>»	g_infix__x3dx3e
Perl6::Grammar/infix:sym<⇒>	g_infix__u21d2
Perl6::Grammar/prefix:sym<so>	g_prefix__so
Perl6::Grammar/prefix:sym<not>	g_prefix__not
Perl6::Grammar/infix:sym<,>	g_infix__x2c
Perl6::Grammar/infix:sym<:>	g_infix__x3a
Perl6::Grammar/infix:sym<Z>	g_infix__Z
Perl6::Grammar/infix:sym<X>	g_infix__X
Perl6::Grammar/infix:sym<...>	g_infix__x2ex2ex2e
Perl6::Grammar/infix:sym<…>	g_infix__u2026
Perl6::Grammar/infix:sym<...^>	g_infix__x2ex2ex2ex5e
Perl6::Grammar/infix:sym<…^>	g_infix__u2026x5e
Perl6::Grammar/infix:sym<^...>	g_infix__x5ex2ex2ex2e
Perl6::Grammar/infix:sym<^…>	g_infix__x5eu2026
Perl6::Grammar/infix:sym<^...^>	g_infix__x5ex2ex2ex2ex5e
Perl6::Grammar/infix:sym<^…^>	g_infix__x5eu2026x5e
Perl6::Grammar/infix:sym<?>	g_infix__x3f
Perl6::Grammar/infix:sym<ff>	g_infix__ff
Perl6::Grammar/infix:sym<^ff>	g_infix__x5eff
Perl6::Grammar/infix:sym<ff^>	g_infix__ffx5e
Perl6::Grammar/infix:sym<^ff^>	g_infix__x5effx5e
Perl6::Grammar/infix:sym<fff>	g_infix__fff
Perl6::Grammar/infix:sym<^fff>	g_infix__x5efff
Perl6::Grammar/infix:sym<fff^>	g_infix__fffx5e
Perl6::Grammar/infix:sym<^fff^>	g_infix__x5efffx5e
Perl6::Grammar/infix:sym<=>	g_infix__x3d
Perl6::Grammar/infix:sym<⚛=>	g_infix__u269bx3d
Perl6::Grammar/infix:sym<⚛+=>	g_infix__u269bx2bx3d
Perl6::Grammar/infix:sym<⚛-=>	g_infix__u269bx2dx3d
Perl6::Grammar/infix:sym<⚛−=>	g_infix__u269bu2212x3d
Perl6::Grammar/infix:sym<and>	g_infix__and
Perl6::Grammar/infix:sym<andthen>	g_infix__andthen
Perl6::Grammar/infix:sym<notandthen>	g_infix__notandthen
Perl6::Grammar/infix:sym<or>	g_infix__or
Perl6::Grammar/infix:sym<xor>	g_infix__xor
Perl6::Grammar/infix:sym<orelse>	g_infix__orelse
Perl6::Grammar/infix:sym«<==»	g_infix__x3cx3dx3d
Perl6::Grammar/infix:sym«==>»	g_infix__x3dx3dx3e
Perl6::Grammar/infix:sym«<<==»	g_infix__x3cx3cx3dx3d
Perl6::Grammar/infix:sym«==>>»	g_infix__x3dx3dx3ex3e
Perl6::Grammar/infix:sym<..>	g_infix__x2ex2e
Perl6::Grammar/infix:sym<^..>	g_infix__x5ex2ex2e
Perl6::Grammar/infix:sym<..^>	g_infix__x2ex2ex5e
Perl6::Grammar/infix:sym<^..^>	g_infix__x5ex2ex2ex5e
Perl6::Grammar/infix:sym<leg>	g_infix__leg
Perl6::Grammar/infix:sym<cmp>	g_infix__cmp
Perl6::Grammar/infix:sym<unicmp>	g_infix__unicmp
Perl6::Grammar/infix:sym<coll>	g_infix__coll
Perl6::Grammar/infix:sym«<=>»	g_infix__x3cx3dx3e
Perl6::Grammar/infix:sym<but>	g_infix__but
Perl6::Grammar/infix:sym<does>	g_infix__does
Perl6::Grammar/infix:sym<!~>	g_infix__x21x7e
Perl6::Grammar/infix:sym<=~>	g_infix__x3dx7e
Perl6::Grammar/comment	g_comment
Perl6::Grammar/comment:sym<#>	g_comment__x23
Perl6::Grammar/comment:sym<#`>	g_comment__x23x60
Perl6::Grammar/comment:sym<#`(...)>	g_comment__x23x60x28x2ex2ex2ex29
Perl6::Grammar/comment:sym<#|(...)>	g_comment__x23x7cx28x2ex2ex2ex29
Perl6::Grammar/comment:sym<#|>	g_comment__x23x7c
Perl6::Grammar/comment:sym<#=(...)>	g_comment__x23x3dx28x2ex2ex2ex29
Perl6::Grammar/comment:sym<#=>	g_comment__x23x3d
Perl6::Grammar/pod_content_toplevel	g_pod_content_toplevel
Perl6::Grammar/pod_content	g_pod_content
Perl6::Grammar/pod_content:sym<block>	g_pod_content__block
Perl6::Grammar/pod_content:sym<text>	g_pod_content__text
Perl6::Grammar/pod_content:sym<config>	g_pod_content__config
Perl6::Grammar/pod_textcontent	g_pod_textcontent
Perl6::Grammar/pod_textcontent:sym<regular>	g_pod_textcontent__regular
Perl6::Grammar/pod_textcontent:sym<code>	g_pod_textcontent__code
Perl6::Grammar/pod_formatting_code	g_pod_formatting_code
Perl6::Grammar/pod_balanced_braces	g_pod_balanced_braces
Perl6::Grammar/pod_string	g_pod_string
Perl6::Grammar/pod_string_character	g_pod_string_character
Perl6::Grammar/pod_block	g_pod_block
Perl6::Grammar/pod_configuration	g_pod_configuration
Perl6::Grammar/pod_block:sym<delimited_comment>	g_pod_block__delimited_comment
Perl6::Grammar/pod_block:sym<delimited>	g_pod_block__delimited
Perl6::Grammar/pod_block:sym<delimited_table>	g_pod_block__delimited_table
Perl6::Grammar/pod-delim-code-typ	g_podx2ddelimx2dcodex2dtyp
Perl6::Grammar/pod_block:sym<delimited_code>	g_pod_block__delimited_code
Perl6::Grammar/delimited_code_content	g_delimited_code_content
Perl6::Grammar/table_row	g_table_row
Perl6::Grammar/table_row_or_blank	g_table_row_or_blank
Perl6::Grammar/pod_block:sym<finish>	g_pod_block__finish
Perl6::Grammar/pod_block:sym<paragraph>	g_pod_block__paragraph
Perl6::Grammar/pod_block:sym<paragraph_comment>	g_pod_block__paragraph_comment
Perl6::Grammar/pod_block:sym<paragraph_table>	g_pod_block__paragraph_table
Perl6::Grammar/pod_block:sym<paragraph_code>	g_pod_block__paragraph_code
Perl6::Grammar/numbered-alias	g_numberedx2dalias
Perl6::Grammar/pod_block:sym<abbreviated>	g_pod_block__abbreviated
Perl6::Grammar/pod_block:sym<abbreviated_comment>	g_pod_block__abbreviated_comment
Perl6::Grammar/pod_block:sym<abbreviated_table>	g_pod_block__abbreviated_table
Perl6::Grammar/pod_block:sym<abbreviated_code>	g_pod_block__abbreviated_code
Perl6::Grammar/pod_line	g_pod_line
Perl6::Grammar/pod_newline	g_pod_newline
Perl6::Grammar/pod_code_parent	g_pod_code_parent
Perl6::QGrammar/escape	q_escape
Perl6::QGrammar/backslash	q_backslash
Perl6::QGrammar/b1/escape:sym<\\>	q_b1_escape__x5cx5c
Perl6::QGrammar/b1/backslash:sym<qq>	q_b1_backslash__qq
Perl6::QGrammar/b1/backslash:sym<\\>	q_b1_backslash__x5cx5c
Perl6::QGrammar/b1/backslash	q_b1_backslash
Perl6::QGrammar/b1/backslash:sym<a>	q_b1_backslash__a
Perl6::QGrammar/b1/backslash:sym<b>	q_b1_backslash__b
Perl6::QGrammar/b1/backslash:sym<c>	q_b1_backslash__c
Perl6::QGrammar/b1/backslash:sym<e>	q_b1_backslash__e
Perl6::QGrammar/b1/backslash:sym<f>	q_b1_backslash__f
Perl6::QGrammar/b1/backslash:sym<N>	q_b1_backslash__N
Perl6::QGrammar/b1/backslash:sym<n>	q_b1_backslash__n
Perl6::QGrammar/b1/backslash:sym<o>	q_b1_backslash__o
Perl6::QGrammar/b1/backslash:sym<r>	q_b1_backslash__r
Perl6::QGrammar/b1/backslash:sym<rn>	q_b1_backslash__rn
Perl6::QGrammar/b1/backslash:sym<t>	q_b1_backslash__t
Perl6::QGrammar/b1/backslash:sym<x>	q_b1_backslash__x
Perl6::QGrammar/b1/backslash:sym<0>	q_b1_backslash__0
Perl6::QGrammar/b1/backslash:sym<1>	q_b1_backslash__1
Perl6::QGrammar/b1/backslash:sym<unrec>	q_b1_backslash__unrec
Perl6::QGrammar/b1/backslash:sym<misc>	q_b1_backslash__misc
Perl6::QGrammar/b0/escape:sym<\\>	q_b0_escape__x5cx5c
Perl6::QGrammar/c1/escape:sym<{ }>	q_c1_escape__x7bx20x7d
Perl6::QGrammar/c0/escape:sym<{ }>	q_c0_escape__x7bx20x7d
Perl6::QGrammar/s1/escape:sym<$>	q_s1_escape__x24
Perl6::QGrammar/s0/escape:sym<$>	q_s0_escape__x24
Perl6::QGrammar/a1/escape:sym<@>	q_a1_escape__x40
Perl6::QGrammar/a0/escape:sym<@>	q_a0_escape__x40
Perl6::QGrammar/h1/escape:sym<%>	q_h1_escape__x25
Perl6::QGrammar/h0/escape:sym<%>	q_h0_escape__x25
Perl6::QGrammar/f1/escape:sym<&>	q_f1_escape__x26
Perl6::QGrammar/f0/escape:sym<&>	q_f0_escape__x26
Perl6::QGrammar/ww/escape:sym<'>	q_ww_escape__x27
Perl6::QGrammar/ww/escape:sym<colonpair>	q_ww_escape__colonpair
Perl6::QGrammar/ww/escape:sym<#>	q_ww_escape__x23
Perl6::QGrammar/q/starter	q_q_starter
Perl6::QGrammar/q/stopper	q_q_stopper
Perl6::QGrammar/q/escape:sym<\\>	q_q_escape__x5cx5c
Perl6::QGrammar/q/backslash:sym<qq>	q_q_backslash__qq
Perl6::QGrammar/q/backslash:sym<\\>	q_q_backslash__x5cx5c
Perl6::QGrammar/q/backslash	q_q_backslash
Perl6::QGrammar/q/backslash:sym<miscq>	q_q_backslash__miscq
Perl6::QGrammar/qq/starter	q_qq_starter
Perl6::QGrammar/qq/stopper	q_qq_stopper
Perl6::QGrammar/nibbler	q_nibbler
Perl6::QGrammar/do_nibbling	q_do_nibbling
Perl6::QGrammar/cc/starter	q_cc_starter
Perl6::QGrammar/cc/stopper	q_cc_stopper
Perl6::QGrammar/cc/escape	q_cc_escape
Perl6::QGrammar/cc/escape:sym<#>	q_cc_escape__x23
Perl6::QGrammar/cc/escape:sym<\\>	q_cc_escape__x5cx5c
Perl6::QGrammar/cc/escape:sym<..>	q_cc_escape__x2ex2e
Perl6::QGrammar/cc/escape:sym<->	q_cc_escape__x2d
Perl6::QGrammar/cc/backslash	q_cc_backslash
Perl6::QGrammar/cc/backslash:sym<\\>	q_cc_backslash__x5cx5c
Perl6::QGrammar/cc/backslash:sym<a>	q_cc_backslash__a
Perl6::QGrammar/cc/backslash:sym<b>	q_cc_backslash__b
Perl6::QGrammar/cc/backslash:sym<c>	q_cc_backslash__c
Perl6::QGrammar/cc/backslash:sym<d>	q_cc_backslash__d
Perl6::QGrammar/cc/backslash:sym<e>	q_cc_backslash__e
Perl6::QGrammar/cc/backslash:sym<f>	q_cc_backslash__f
Perl6::QGrammar/cc/backslash:sym<h>	q_cc_backslash__h
Perl6::QGrammar/cc/backslash:sym<N>	q_cc_backslash__N
Perl6::QGrammar/cc/backslash:sym<n>	q_cc_backslash__n
Perl6::QGrammar/cc/backslash:sym<o>	q_cc_backslash__o
Perl6::QGrammar/cc/backslash:sym<r>	q_cc_backslash__r
Perl6::QGrammar/cc/backslash:sym<s>	q_cc_backslash__s
Perl6::QGrammar/cc/backslash:sym<t>	q_cc_backslash__t
Perl6::QGrammar/cc/backslash:sym<v>	q_cc_backslash__v
Perl6::QGrammar/cc/backslash:sym<w>	q_cc_backslash__w
Perl6::QGrammar/cc/backslash:sym<x>	q_cc_backslash__x
Perl6::QGrammar/cc/backslash:sym<0>	q_cc_backslash__0
Perl6::RegexGrammar/normspace	rx_normspace
Perl6::RegexGrammar/rxstopper	rx_rxstopper
Perl6::RegexGrammar/metachar:sym<:my>	rx_metachar__x3amy
Perl6::RegexGrammar/metachar:sym<{ }>	rx_metachar__x7bx20x7d
Perl6::RegexGrammar/metachar:sym<rakvar>	rx_metachar__rakvar
Perl6::RegexGrammar/metachar:sym<qw>	rx_metachar__qw
Perl6::RegexGrammar/metachar:sym<'>	rx_metachar__x27
Perl6::RegexGrammar/metachar:sym<{}>	rx_metachar__x7bx7d
Perl6::RegexGrammar/backslash:sym<1>	rx_backslash__1
Perl6::RegexGrammar/assertion:sym<{ }>	rx_assertion__x7bx20x7d
Perl6::RegexGrammar/assertion:sym<?{ }>	rx_assertion__x3fx7bx20x7d
Perl6::RegexGrammar/assertion:sym<!{ }>	rx_assertion__x21x7bx20x7d
Perl6::RegexGrammar/assertion:sym<var>	rx_assertion__var
Perl6::RegexGrammar/assertion:sym<~~>	rx_assertion__x7ex7e
Perl6::RegexGrammar/codeblock	rx_codeblock
Perl6::RegexGrammar/arglist	rx_arglist
Perl6::RegexGrammar/assertion:sym<name>	rx_assertion__name
Perl6::P5RegexGrammar/rxstopper	p5_rxstopper
Perl6::P5RegexGrammar/p5metachar:sym<(?{ })>	p5_p5metachar__x28x3fx7bx20x7dx29
Perl6::P5RegexGrammar/p5metachar:sym<(??{ })>	p5_p5metachar__x28x3fx3fx7bx20x7dx29
Perl6::P5RegexGrammar/p5metachar:sym<var>	p5_p5metachar__var
Perl6::P5RegexGrammar/codeblock	p5_codeblock
