# area_map.tsv -- THE CARRIER MAP OF THE AREA SMOKE (coo 2026-09-28, row instruments-the-area-smoke-...-ceo-1342; Lon's sixth
# question, verbatim: "So how will each HQ know to consult this attribute table to determine the set of tests to run for that
# language?" -- THE SEAT MUST NOT HAVE TO KNOW). test_area_smoke.sh with no argument reads the landing's diff against
# origin/main and maps every touched file and changed function through THIS table to the feature columns of the attribute
# tables (ALL.csv), then runs the union through corpus_suite_harness.py smoke.
#
# FORMAT: feature<TAB>carrier, whole-line comments only. A CARRIER is one of
#   a file      relative to SCRIP/, e.g. src/templates/bb/bb_match_span.cpp
#   a directory relative to SCRIP/, trailing slash, covering every file under it, e.g. src/parsers/snobol4/
#   a symbol    a bare C identifier: the function a -U0 hunk header names, e.g. sno_capt_body
# A FEATURE is a column name exactly as the tables spell it (FENCE, scan, cut, record ...), or one of the two widenings:
#   *           every feature column of every table (a SHARED NODE reaches every language -- the CEO-405 widening)
#   lang:<x>    every feature column of the tables under tests/<x> and packages/<x>/ (a frontend or lowerer of one language)
# A carrier mapped to `-` carries NO area (src/tools/, a test helper): touching it owes no smoke, and the wrapper says so.
# ⛔ A touched src/ file with no row here REFUSES the smoke rc=2 naming the file -- the lander adds the row with its landing.
# ⛔ The gate test_gate_area_smoke_reads_the_attribute_rows.sh keeps every feature column of every runnable table named in an
# explicit row and every carrier existing in the tree; a row naming a file that has moved is a red, not a stale entry.
#
# ---- SHARED NODES: every language reaches them (the CEO-405 widening) ----
*	src/runtime/
*	src/emitter/
*	src/optimizer/
*	src/ir/
*	src/driver/
*	src/templates/x86/
*	src/templates/xa/
*	src/lower/lower_common.c
*	src/lower/lower.h
*	src/templates/bb/bb_common.h
*	src/templates/bb/bb_template_common.h
*	src/templates/bb/bb_templates.h
*	src/templates/bb/bb_main.cpp
*	src/templates/bb/bb_section.cpp
*	src/templates/bb/bb_statement.cpp
*	src/templates/bb/bb_stmt_mark.cpp
*	src/templates/bb/bb_setexit_test.cpp
*	src/templates/bb/bb_enter_init.cpp
*	src/templates/bb/bb_call.cpp
*	src/templates/bb/bb_call_bool.cpp
*	src/templates/bb/bb_call_fn.cpp
*	src/templates/bb/bb_call_proc_staged.cpp
*	src/templates/bb/bb_call_value.cpp
*	src/templates/bb/bb_assign_frame.cpp
*	src/templates/bb/bb_assign_global.cpp
*	src/templates/bb/bb_assign_local.cpp
*	src/templates/bb/bb_assign_var.cpp
*	src/templates/bb/bb_assign_var_sub.cpp
*	src/templates/bb/bb_var.cpp
*	src/templates/bb/bb_var_frame.cpp
*	src/templates/bb/bb_var_global.cpp
*	src/templates/bb/bb_binop_arith.cpp
*	src/templates/bb/bb_binop_concat_slot.cpp
*	src/templates/bb/bb_binop_relop.cpp
*	src/templates/bb/bb_binop_relop_val.cpp
*	src/templates/bb/bb_binop_xrep_slot.cpp
*	src/templates/bb/bb_unop.cpp
*	src/templates/bb/bb_coerce_integer.cpp
*	src/templates/bb/bb_coerce_numeric.cpp
*	src/templates/bb/bb_coerce_real.cpp
*	src/templates/bb/bb_coerce_string.cpp
*	src/templates/bb/bb_goto.cpp
*	src/templates/bb/bb_goto_deferred.cpp
*	src/templates/bb/bb_glue_flat.cpp
*	src/templates/bb/bb_glue_framed.cpp
*	src/templates/bb/bb_succeed.cpp
*	src/templates/bb/bb_fail.cpp
*	src/templates/bb/bb_return.cpp
*	src/templates/bb/bb_bound.cpp
*	src/templates/bb/bb_cmp_test.cpp
*	src/templates/bb/bb_lit_scalar.cpp
*	src/templates/bb/bb_zdp_anchor.cpp
*	src/templates/bb/bb_random.cpp
*	src/templates/bb/bb_gcc.cpp
*	src/templates/bb/bb_gate.cpp
*	src/templates/bb/bb_gate_arm.cpp
*	src/templates/bb/bb_subscript.cpp
*	src/templates/bb/bb_subscript2.cpp
*	src/templates/bb/bb_subscript_lvck.cpp
*	src/templates/bb/bb_keyword_assign.cpp
# ---- NO AREA: helpers no graded program runs through ----
-	src/tools/
# ---- ONE LANGUAGE'S FRONTEND OR LOWERER: every feature of that language ----
lang:snobol4	src/parsers/snobol4/
lang:snobol4	src/lower/lower_snobol4.c
lang:snobol4	src/lower/lower_snobol4.h
lang:snobol4	src/lower/tree_to_sno.c
lang:snocone	src/parsers/snocone/
lang:snocone	src/lower/lower_snobol4.c
lang:snocone	src/lower/lower_snocone.c
lang:rebus	src/parsers/rebus/
lang:icon	src/parsers/icon/
lang:icon	src/lower/lower_icon.c
lang:prolog	src/parsers/prolog/
lang:prolog	src/lower/lower_prolog.c
# src/lower/g_lower.h carries only g_lower.pl (lower_prolog.c's state, CEO-1575) until the g_lower stage folds every lowerer; that landing re-maps it to *
lang:prolog	src/lower/g_lower.h
lang:prolog	src/lower/pl_arith_names.h
lang:prolog	src/lower/pl_control_names.h
lang:prolog	src/templates/bb/bb_unify_const.cpp
lang:prolog	src/templates/bb/bb_unify_struct.cpp
lang:prolog	src/templates/bb/bb_unify_first.cpp
lang:prolog	src/templates/bb/bb_unify_value.cpp
lang:raku	src/parsers/raku/
lang:raku	src/lower/lower_raku.c
lang:pascal	src/parsers/pascal/
lang:pascal	src/lower/lower_pascal.c
# ---- SNOBOL4 / Snocone / Rebus pattern features: the match boxes ----
FENCE	src/templates/bb/bb_match_fence0.cpp
FENCE	src/templates/bb/bb_match_fence1.cpp
FENCE	src/templates/bb/bb_match_flush.cpp
fence_guarded_fail	src/templates/bb/bb_match_fence0.cpp
fence_guarded_fail	src/templates/bb/bb_match_fence1.cpp
ARB	src/templates/bb/bb_match_arb.cpp
ARBNO	src/templates/bb/bb_match_arbno.cpp
arbno_with_alt	src/templates/bb/bb_match_arbno.cpp
arbno_with_alt	src/templates/bb/bb_match_alternate.cpp
POS	src/templates/bb/bb_match_pos.cpp
RPOS	src/templates/bb/bb_match_rpos.cpp
TAB	src/templates/bb/bb_match_tab.cpp
RTAB	src/templates/bb/bb_match_rtab.cpp
LEN	src/templates/bb/bb_match_len.cpp
SPAN	src/templates/bb/bb_match_span.cpp
BREAK	src/templates/bb/bb_match_break.cpp
BREAK	src/templates/bb/bb_match_breakx.cpp
ANY	src/templates/bb/bb_match_any.cpp
NOTANY	src/templates/bb/bb_match_notany.cpp
BAL	src/templates/bb/bb_match_bal.cpp
REM	src/templates/bb/bb_match_rem.cpp
ABORT	src/templates/bb/bb_match_abort.cpp
alternation	src/templates/bb/bb_match_alternate.cpp
alternation	src/templates/bb/bb_match_begin.cpp
alternation	src/templates/bb/bb_match_end.cpp
cond_assign	src/templates/bb/bb_match_capture.cpp
imm_assign	src/templates/bb/bb_match_capture.cpp
imm_assign	src/templates/bb/bb_match_value.cpp
capture_plus_defer	src/templates/bb/bb_match_capture.cpp
capture_plus_defer	src/templates/bb/bb_match_defer.cpp
deferred_eval	src/templates/bb/bb_match_defer.cpp
deferred_eval	src/templates/bb/bb_match_lambda.cpp
indirect_ref	src/templates/bb/bb_var_ref.cpp
keyword_ref	src/templates/bb/bb_keyword_snobol4.cpp
keyword_ref	src/templates/bb/bb_keyword_assign_snobol4.cpp
keyword_ref	src/templates/bb/bb_keyword_icon.cpp
goto_fail	src/templates/bb/bb_goto.cpp
goto_fail	src/templates/bb/bb_goto_deferred.cpp
goto_success	src/templates/bb/bb_goto.cpp
goto_success	src/templates/bb/bb_goto_deferred.cpp
DEFINE	src/templates/bb/bb_define.cpp
REPLACE	src/templates/bb/bb_match_replace.cpp
OPSYN	src/lower/lower_snobol4.c
TABLE	src/runtime/rtx/rtx_table.s
ARRAY	src/runtime/core/core.c
EVAL	src/lower/lower_snobol4.c
CODE	src/lower/lower_snobol4.c
APPLY	src/lower/lower_snobol4.c
CONVERT	src/runtime/core/coerce.c
DATATYPE	src/runtime/core/core.c
TRIM	src/runtime/rtx/rtx_str.s
DUPL	src/runtime/rtx/rtx_str.s
SIZE	src/runtime/rtx/rtx_str.s
# ---- Icon features: the scan boxes, generators and co-expressions ----
scan	src/templates/bb/bb_gen_scan.cpp
scan	src/templates/bb/bb_scan_sequence.cpp
scan_with_tab	src/templates/bb/bb_scan_tab.cpp
scan_with_tab	src/templates/bb/bb_gen_scan.cpp
find	src/templates/bb/bb_scan_find.cpp
match	src/templates/bb/bb_scan_match.cpp
upto	src/templates/bb/bb_scan_upto.cpp
many	src/templates/bb/bb_scan_many.cpp
any	src/templates/bb/bb_scan_any.cpp
bal	src/templates/bb/bb_scan_bal.cpp
tab	src/templates/bb/bb_scan_tab.cpp
move	src/templates/bb/bb_scan_move.cpp
pos	src/templates/bb/bb_scan_pos.cpp
alternation	src/templates/bb/bb_scan_alternate.cpp
alternation	src/templates/bb/bb_galt.cpp
gen_with_alternation	src/templates/bb/bb_galt.cpp
element_gen	src/templates/bb/bb_glit.cpp
every	src/templates/bb/bb_iterate.cpp
every_with_suspend	src/templates/bb/bb_iterate.cpp
every_with_suspend	src/templates/bb/bb_suspend.cpp
suspend	src/templates/bb/bb_suspend.cpp
limitation	src/templates/bb/bb_limit.cpp
to_by	src/templates/bb/bb_to.cpp
to_by	src/templates/bb/bb_to_by.cpp
create	src/templates/bb/bb_create.cpp
coexpr_activate	src/templates/bb/bb_activate.cpp
coexpr_activate	src/templates/bb/bb_cofail.cpp
coexpr_activate	src/templates/bb/bb_coret.cpp
coexpr_activate	src/runtime/rt/rt_coexpr.c
repeat	src/templates/bb/bb_repalt.cpp
swap	src/templates/bb/bb_swap.cpp
swap	src/templates/bb/bb_swap_var.cpp
swap	src/templates/bb/bb_rev_swap.cpp
assign	src/templates/bb/bb_rev_assign.cpp
assign	src/templates/bb/bb_rev_assign_global.cpp
assign	src/templates/bb/bb_rev_assign_var.cpp
aug_assign	src/templates/bb/bb_binop_arith.cpp
list	src/templates/bb/bb_make_list.cpp
list	src/runtime/rtx/rtx_icnagg.s
table	src/runtime/rtx/rtx_icnagg.s
set	src/runtime/rtx/rtx_icnagg.s
record	src/templates/bb/bb_field_get.cpp
record	src/runtime/rtx/rtx_icnagg.s
procedure	src/templates/bb/bb_proc_value.cpp
procedure	src/runtime/rtx/rtx_icncall.s
fail	src/templates/bb/bb_fail.cpp
return	src/templates/bb/bb_return.cpp
write	src/runtime/core/core.c
writes	src/runtime/core/core.c
read	src/runtime/core/core.c
reads	src/runtime/core/core.c
stop	src/runtime/core/core.c
image	src/runtime/core/core.c
type	src/runtime/core/core.c
sort	src/runtime/core/core.c
put	src/runtime/rtx/rtx_icnagg.s
push	src/runtime/rtx/rtx_icnagg.s
pop	src/runtime/rtx/rtx_icnagg.s
get	src/runtime/rtx/rtx_icnagg.s
insert	src/runtime/rtx/rtx_icnagg.s
delete	src/runtime/rtx/rtx_icnagg.s
member	src/runtime/rtx/rtx_icnagg.s
repl	src/runtime/rtx/rtx_str.s
map	src/runtime/rtx/rtx_str.s
trim	src/runtime/rtx/rtx_str.s
seq	src/lower/lower_icon.c
integer	src/runtime/rtx/rtx_icnnum.s
while	src/lower/lower_icon.c
until	src/lower/lower_icon.c
case	src/lower/lower_icon.c
next	src/lower/lower_icon.c
break	src/lower/lower_icon.c
local	src/lower/lower_icon.c
static	src/lower/lower_icon.c
global	src/lower/lower_icon.c
# ---- Prolog features: the logic boxes ----
cut	src/templates/bb/bb_cut.cpp
if_then_else	src/templates/bb/bb_disjunction.cpp
if_then_else	src/templates/bb/bb_conjunction.cpp
negation	src/templates/bb/bb_gate.cpp
negation	src/templates/bb/bb_gate_arm.cpp
unify	src/templates/bb/bb_deref.cpp
unify	src/templates/bb/bb_ident.cpp
unify	src/templates/bb/bb_differ.cpp
unify	src/runtime/rtx/rtx_plunify.s
unify	src/runtime/rt/rt_pl_trail.c
call	src/templates/bb/bb_call_pl_leaf.cpp
findall	src/lower/lower_prolog.c
findall_with_var_goal	src/lower/lower_prolog.c
bagof	src/lower/lower_prolog.c
setof	src/lower/lower_prolog.c
forall	src/lower/lower_prolog.c
assert	src/lower/lower_prolog.c
asserta	src/lower/lower_prolog.c
assertz	src/lower/lower_prolog.c
retract	src/lower/lower_prolog.c
assert_then_retract	src/lower/lower_prolog.c
abolish	src/lower/lower_prolog.c
catch	src/lower/lower_prolog.c
throw	src/lower/lower_prolog.c
catch_with_throw	src/lower/lower_prolog.c
between	src/lower/lower_prolog.c
functor	src/lower/lower_prolog.c
arg	src/lower/lower_prolog.c
copy_term	src/lower/lower_prolog.c
var	src/lower/lower_prolog.c
nonvar	src/lower/lower_prolog.c
atom	src/runtime/rt/prolog_atom.c
number	src/lower/lower_prolog.c
writeq	src/lower/lower_prolog.c
write_canonical	src/lower/lower_prolog.c
format	src/lower/lower_prolog.c
nl	src/lower/lower_prolog.c
clause	src/lower/lower_prolog.c
succ	src/lower/lower_prolog.c
op	src/parsers/prolog/prolog_parse.c
dcg	src/parsers/prolog/prolog_lower.c
univ	src/lower/lower_prolog.c
list_cons	src/lower/lower_prolog.c
directive	src/parsers/prolog/prolog_driver.c
# ---- Raku features ----
sub	src/lower/lower_raku.c
multi	src/lower/lower_raku.c
my	src/lower/lower_raku.c
our	src/lower/lower_raku.c
say	src/lower/lower_raku.c
print	src/lower/lower_raku.c
given	src/lower/lower_raku.c
when	src/lower/lower_raku.c
if	src/lower/lower_raku.c
elsif	src/lower/lower_raku.c
unless	src/lower/lower_raku.c
for	src/lower/lower_raku.c
loop	src/lower/lower_raku.c
class	src/lower/lower_raku.c
has	src/lower/lower_raku.c
method	src/lower/lower_raku.c
regex	src/lower/lower_raku.c
token	src/lower/lower_raku.c
grep	src/lower/lower_raku.c
join	src/lower/lower_raku.c
split	src/lower/lower_raku.c
sprintf	src/lower/lower_raku.c
die	src/lower/lower_raku.c
try	src/lower/lower_raku.c
sigil_scalar	src/parsers/raku/rk_syntax.c
sigil_array	src/parsers/raku/rk_syntax.c
sigil_hash	src/parsers/raku/rk_syntax.c
junction	src/lower/lower_raku.c
range_op	src/lower/lower_raku.c
feed_op	src/lower/lower_raku.c
smartmatch	src/lower/lower_raku.c
regex_with_smartmatch	src/lower/lower_raku.c
string_concat	src/lower/lower_raku.c
sub_with_return	src/lower/lower_raku.c
for_with_say	src/lower/lower_raku.c
# ---- Pascal features ----
program	src/parsers/pascal/pascal.y
function	src/lower/lower_pascal.c
const	src/parsers/pascal/pascal_sem.c
array	src/lower/lower_pascal.c
file	src/lower/lower_pascal.c
packed	src/lower/lower_pascal.c
label	src/lower/lower_pascal.c
goto	src/lower/lower_pascal.c
with	src/lower/lower_pascal.c
downto	src/lower/lower_pascal.c
forward	src/parsers/pascal/pascal_sem.c
nil	src/lower/lower_pascal.c
div	src/lower/lower_pascal.c
mod	src/lower/lower_pascal.c
in	src/lower/lower_pascal.c
writeln	src/lower/lower_pascal.c
readln	src/lower/lower_pascal.c
new	src/lower/lower_pascal.c
dispose	src/lower/lower_pascal.c
ord	src/lower/lower_pascal.c
chr	src/lower/lower_pascal.c
pred	src/lower/lower_pascal.c
abs	src/lower/lower_pascal.c
sqr	src/lower/lower_pascal.c
sqrt	src/lower/lower_pascal.c
trunc	src/lower/lower_pascal.c
round	src/lower/lower_pascal.c
eof	src/lower/lower_pascal.c
eoln	src/lower/lower_pascal.c
odd	src/lower/lower_pascal.c
pointer	src/lower/lower_pascal.c
pointer_with_new	src/lower/lower_pascal.c
set_literal	src/lower/lower_pascal.c
subrange	src/parsers/pascal/pascal_sem.c
nested_proc	src/lower/lower_pascal.c
for_with_array	src/lower/lower_pascal.c
with_record	src/lower/lower_pascal.c
lang:prolog	src/templates/bb/bb_pl_cell.h
lang:prolog	src/templates/bb/bb_pl_leaf_kinds.h
*	src/templates/bb/bb_match_lit.cpp
*	src/templates/bb/bb_match_atp.cpp
