# gate_wiring.tsv — THE ONE POPULATION OF scripts/test_gate_*.sh, WITH A CLASS COLUMN.
#
# ⛔ READ scripts/util_gate_wiring.py BEFORE EDITING THIS FILE BY HAND. It is the only thing that writes it,
#    and every rule below is enforced there rather than trusted here.
#
# WHY IT IS ONE FILE AND NOT TWO. hq_S asked for the RULING/TASK split by analogy to UNGRADABLE vs UNGRADED,
# and offered two files or one file with a class column. ONE FILE, because THE FAILURE WE BOTH FEAR IS A NAME
# THAT APPEARS IN NEITHER LIST, and two files make that state easy to reach and hard to see. The property
# worth protecting is not "each list is right", it is "EVERY NAME IS IN EXACTLY ONE BUCKET" — and only a
# single population can check that.
#
# columns: gate <TAB> class <TAB> reason <TAB> declared_by <TAB> declared_utc
#   WIRED   reachable from `make test` / `make test-postoffice` today. MEASURED, so no reason and no declarer.
#           ⛔ A WIRED name that stops being reachable is THE REFUSAL this file exists for, and the check
#           NAMES it. The floor is the SET OF NAMES, never the count: 64 to 64 with one name
#           dropped and another added is a green ratchet over a real regression.
#   RULING  deliberately out of make test. ⛔ REASON AND DECLARER REQUIRED, refused if blank, taken at the
#           moment of exemption from the person exempting it. An exemption list that accepts a blank reason
#           is the new silent backlog with a tidier name.
#   TASK    unwired, and nobody has ruled. THE DEBT. Capped by TASK-CEILING below, which `adopt` lowers and
#           never raises, so a newly landed unwired gate cannot join it silently: its author's two honest
#           options are WIRE IT or RULE IT WITH A REASON.
#
# ⭐ THE STATE AT INSTALLATION (measured 2026-09-06, hq_T, row requested by hq_S / ceo CEO-326):
#   282 gates on disk · 92 reachable · 8 ruled out · 181 TASK.
#   UNWIRED IS THE NORM HERE, roughly two in three — which is why this is a RATCHET and not the census that
#   was asked for. A check that arrives red on 181 lines is muted on day one, and a muted check is worse than
#   no check because it looks like coverage. The 181 are a NAMED, MEASURED debt with a number that can only
#   go down; they are NOT refused.
# ⛔ THE FIRST MEASUREMENT SAID 64 REACHABLE AND 207 TASK, AND IT WAS WRONG BY 22 GATES — kept here because it
#   is the most reusable thing this file knows. `make preflight` landed the same day, reading its 31 arms from
#   scripts/preflight_arms.txt rather than naming them in the recipe, so `make -n preflight` names NO gate
#   while running all of them, and 22 gates that ARE run were confidently filed as run by nothing. ⭐ THE
#   MOMENT A TARGET READS ITS POPULATION FROM A FILE, EXPANDING THE RECIPE STOPS ANSWERING THE QUESTION YOU
#   ASKED. util_gate_wiring.py now follows that one indirection, and its selftest pins it.
# ⛔ AND THE RULING COLUMN IS NEARLY EMPTY ON PURPOSE. Every unwired gate was read looking for one that says
#   in its own header that it is deliberately out of the recipe. NOT ONE DOES. The 8 below are the ceo's
#   ruling of 2026-09-03, quoted from the Makefile's own test-postoffice header — cited, not invented.
#   Everything else is TASK because nobody has ruled, which is the honest word for it.
# TASK-CEILING: 158
# 166 -> 165 (coo 2026-09-25): test_gate_diag_regs_survive.sh retired -- its r10 statement number was removed by design at 2a81a02db, and r11 cannot stand in, because a later box stamp masks a planted clobber; the survival property is test_gate_rtx_entries_keep_the_rtcc_four.sh's.
test_gate_a_blocking_set_death_names_its_killer.sh	WIRED	-	-	-
test_gate_a_cgroup_kill_is_a_refusal_not_a_red.sh	WIRED	-	-	-
test_gate_a_compiled_program_runs_on_a_stack_it_maps_itself.sh	WIRED	-	-	-
test_gate_a_descr_is_minted_whole_never_field_by_field.sh	WIRED	-	-	-
test_gate_a_fail_operand_folds_instead_of_refusing_at_the_binop_guard.sh	WIRED	-	-	-
test_gate_a_nested_alternation_receded_into_resumes_its_own_arm_not_the_outer_beta.sh	WIRED	-	-	-
test_gate_a_program_with_more_functions_than_the_old_cell_table_held_compiles_and_runs.sh	WIRED	-	-	-
test_gate_a_rungs_with_xfails_never_reads_done.sh	WIRED	-	-	-
test_gate_a_stack_overflow_exit_flushes_stdout.sh	WIRED	-	-	-
test_gate_abandoned_generator_handle_is_dropped_at_alpha.sh	WIRED	-	-	-
test_gate_absent_line_is_unproven_not_red.sh	WIRED	-	-	-
test_gate_add_ladder_witness_declares_every_attribute_column.sh	WIRED	-	-	-
test_gate_aggregate_registry_keys_are_descrs.sh	WIRED	-	-	-
test_gate_an_assignment_to_a_value_raises_111_at_run_time_instead_of_aborting.sh	WIRED	-	-	-
test_gate_apply_reaches_every_formal_at_every_arity.sh	WIRED	-	-	-
test_gate_area_smoke_grades_gimpel_drivers_the_boards_way.sh	WIRED	-	-	-
test_gate_area_smoke_grades_ipl_entries_the_boards_way.sh	WIRED	-	-	-
test_gate_area_smoke_reads_the_attribute_rows.sh	WIRED	-	-	-
test_gate_banner_prints_a_verdict_word_and_a_ruled_grid.sh	WIRED	-	-	-
test_gate_baton_donewhen_reads_its_runner_rc.sh	WIRED	-	-	-
test_gate_baton_donewhen_runnable.sh	WIRED	-	-	-
test_gate_bb_block_label_prefix.sh	WIRED	-	-	-
test_gate_bench_prolog_kernels_pristine.sh	WIRED	-	-	-
test_gate_bench_rivals_coverage.sh	WIRED	-	-	-
test_gate_bench_runners_publish_by_default_never_on_a_subset.sh	WIRED	-	-	-
test_gate_bench_wrap_raku_cuts_a_line_at_its_statements.sh	WIRED	-	-	-
test_gate_benchmarks_run_with_every_diagnostic_off.sh	WIRED	-	-	-
test_gate_blocking_set_parallel_agrees_with_serial.sh	WIRED	-	-	-
test_gate_blocking_set_shards_agree_with_sequential.sh	WIRED	-	-	-
test_gate_board_population_floor.sh	WIRED	-	-	-
test_gate_boards_refuse_when_the_binary_moves.sh	WIRED	-	-	-
test_gate_build_freshness_is_behavioural.sh	WIRED	-	-	-
test_gate_builder_and_grader_agree_on_stdin_companion_spellings.sh	WIRED	-	-	-
test_gate_bus_verbs_refuse_with_usage.sh	WIRED	-	-	-
test_gate_c2bb_the_generator_arm_is_a_coroutine_start_not_a_box_entry_from_c.sh	WIRED	-	-	-
test_gate_c_allocators_are_eradicated_and_say_where_they_went.sh	WIRED	-	-	-
test_gate_capture_stdin_and_red_exit.sh	WIRED	-	-	-
test_gate_ceo1316_oracle_only_mask_removes_one_named_oracle_line.sh	WIRED	-	-	-
test_gate_ceo1351_an_oracle_identity_mask_is_exempt_from_the_majority_rule.sh	WIRED	-	-	-
test_gate_ceo409_mask_is_read_by_the_bash_runners.sh	WIRED	-	-	-
test_gate_claim_and_next_announce_the_start_of_work.sh	WIRED	-	-	-
test_gate_claim_computes_the_premise.sh	WIRED	-	-	-
test_gate_coexpr_stack_of_uncreated_thread.sh	WIRED	-	-	-
test_gate_collect_reports_free_storage_and_fails_when_short.sh	WIRED	-	-	-
test_gate_control_edges_live_on_ports.sh	WIRED	-	-	-
test_gate_corpus_coverage_classified.sh	WIRED	-	-	-
test_gate_cross_suite_ref_agreement.sh	WIRED	-	-	-
test_gate_ct_grow_grows_in_place_at_the_frontier_or_allocs_copies_and_abandons.sh	WIRED	-	-	-
test_gate_declared_arena_switches_agree_with_the_harness.sh	WIRED	-	-	-
test_gate_deferred_rows_name_a_ruling_and_the_work_they_wait_on.sh	WIRED	-	-	-
test_gate_define_alternate_entry.sh	WIRED	-	-	-
test_gate_delimited_aggregate_census_ratchet.sh	WIRED	-	-	-
test_gate_demos_suite_grades_each_demo_in_both_modes.sh	WIRED	-	-	-
test_gate_dispatch_bus_failure_modes.sh	WIRED	-	-	-
test_gate_dispatch_claim_single_authority.sh	WIRED	-	-	-
test_gate_dispatch_refuses_placeholder_donewhen.sh	WIRED	-	-	-
test_gate_done_manifest_handoff.sh	WIRED	-	-	-
test_gate_done_runs_no_board_for_any_seat.sh	WIRED	-	-	-
test_gate_done_runs_the_rungs_arm_for_codegen_rows.sh	WIRED	-	-	-
test_gate_donewhen_exemption_census_names_every_row.sh	WIRED	-	-	-
test_gate_driver_extension_table_lives_once.sh	WIRED	-	-	-
test_gate_dump_zeta_guard_arm_reads_a_name_only_from_an_op_that_carries_one.sh	WIRED	-	-	-
test_gate_dump_zeta_is_the_emitted_frame.sh	WIRED	-	-	-
test_gate_dyn_caps_a_long_label_or_procedure_name_passes_every_old_name_buffer.sh	WIRED	-	-	-
test_gate_dyn_caps_a_long_prolog_term_and_a_regrown_function_table_pass_the_old_runtime_bounds.sh	WIRED	-	-	-
test_gate_dyn_caps_ratchet.sh	WIRED	-	-	-
test_gate_emit_a_shared_omega_leaf_stores_an_rsp_vslot_at_the_depth_its_successor_reads.sh	WIRED	-	-	-
test_gate_emit_fields_read_by_a_template_have_a_writer.sh	WIRED	-	-	-
test_gate_emit_guard_sink_names_its_guard.sh	WIRED	-	-	-
test_gate_emit_no_ir_mutation.sh	WIRED	-	-	-
test_gate_emit_no_lang.sh	WIRED	-	-	-
test_gate_emit_no_slot_alloc.sh	WIRED	-	-	-
test_gate_errlimit_survival_is_measured_per_code.sh	WIRED	-	-	-
test_gate_every_c_to_bb_box_entry_carries_its_hit.sh	WIRED	-	-	-
test_gate_every_graded_suite_has_an_attribute_csv.sh	WIRED	-	-	-
test_gate_every_tree_kind_has_a_dump_name.sh	WIRED	-	-	-
test_gate_excluded_not_spitbol_dialect_named_and_out_of_the_denominator.sh	WIRED	-	-	-
test_gate_extension_refs_are_marked_graded_and_never_recut.sh	WIRED	-	-	-
test_gate_fanout_ceiling.sh	WIRED	-	-	-
test_gate_fanout_width_reads_cpu_pressure_not_load1.sh	WIRED	-	-	-
test_gate_fc_side_tables_are_reset_at_every_runtime_compile_entry.sh	WIRED	-	-	-
test_gate_finding_claims_are_folded_before_delete.sh	WIRED	-	-	-
test_gate_findings_live_in_the_findings_directory.sh	WIRED	-	-	-
test_gate_frame_det_leaf_seal_matches_the_emitter_registry.sh	WIRED	-	-	-
test_gate_frame_field_census_names_what_no_template_addresses.sh	WIRED	-	-	-
test_gate_frame_layout_retires_a_dead_graphs_record.sh	WIRED	-	-	-
test_gate_frame_reuse_relation_names_every_recession_edge.sh	WIRED	-	-	-
test_gate_frame_reuse_rung1_straight_temps_share_a_pool.sh	WIRED	-	-	-
test_gate_frame_reuse_rung2_det_leaf_argv_share_one_pool.sh	WIRED	-	-	-
test_gate_frame_reuse_rung3_staged_argv_are_never_addressed_so_never_granted.sh	WIRED	-	-	-
test_gate_frame_reuse_rung3d_the_dead_result_scratch_overlays_a_pool_slot.sh	WIRED	-	-	-
test_gate_frame_reuse_rung3e_a_single_reader_temp_takes_its_sealed_calls_argv_slot.sh	WIRED	-	-	-
test_gate_frame_reuse_rung3f_a_first_occurrence_head_variable_is_its_param_slot.sh	WIRED	-	-	-
test_gate_gate_wiring_ratchet.sh	WIRED	-	-	-
test_gate_gc_a_bare_deferred_expression_name_survives_every_collection_point.sh	WIRED	-	-	-
test_gate_gc_a_bignum_held_only_in_a_heap_aggregate_survives.sh	WIRED	-	-	-
test_gate_gc_a_board_can_say_whether_the_collector_ran.sh	WIRED	-	-	-
test_gate_gc_a_callee_saved_register_at_an_allocating_return_is_named_not_assumed.sh	WIRED	-	-	-
test_gate_gc_a_coexpression_frame_image_lives_on_its_own_stack.sh	WIRED	-	-	-
test_gate_gc_a_collection_over_a_small_live_set_stays_under_its_instruction_budget.sh	WIRED	-	-	-
test_gate_gc_a_fault_names_its_block.sh	WIRED	-	-	-
test_gate_gc_a_frame_never_inherits_a_dead_siblings_map_cell.sh	WIRED	-	-	-
test_gate_gc_a_nested_match_restores_a_moved_outer_subject.sh	WIRED	-	-	-
test_gate_gc_a_no_layout_entry_names_which_of_the_two_populations_it_is_in.sh	WIRED	-	-	-
test_gate_gc_a_nul_leading_cset_is_interned_once.sh	WIRED	-	-	-
test_gate_gc_a_poll_site_tests_the_pending_flag_before_calling_the_leaf.sh	WIRED	-	-	-
test_gate_gc_a_procedure_value_held_only_in_a_heap_aggregate_survives.sh	WIRED	-	-	-
test_gate_gc_a_raku_list_array_marker_survives_a_collection_and_snobol4_never_sees_it.sh	WIRED	-	-	-
test_gate_gc_a_register_resident_box_result_is_spilled_as_a_descr_across_its_poll.sh	WIRED	-	-	-
test_gate_gc_a_result_preserving_poll_shields_the_subject_register.sh	WIRED	-	-	-
test_gate_gc_a_run_time_prolog_fragment_registers_its_frame_map_and_its_site_table.sh	WIRED	-	-	-
test_gate_gc_a_safe_point_stores_into_a_mapped_slot.sh	WIRED	-	-	-
test_gate_gc_a_shared_concat_slot_capture_survives_a_collection.sh	WIRED	-	-	-
test_gate_gc_a_stale_read_of_vacated_ground_faults_and_names_its_block.sh	WIRED	-	-	-
test_gate_gc_a_suspended_scan_banks_its_subject_where_the_walker_relocates_it.sh	WIRED	-	-	-
test_gate_gc_a_window_is_spent_before_it_is_collected.sh	WIRED	-	-	-
test_gate_gc_acceptance_never_prints_a_number_over_a_refusal.sh	WIRED	-	-	-
test_gate_gc_aggregate_interiors_are_marked_not_only_slotted.sh	WIRED	-	-	-
test_gate_gc_aggregates_are_collectable_not_immortal.sh	WIRED	-	-	-
test_gate_gc_an_arena_pin_names_the_shipped_window_and_the_record_can_see_it.sh	WIRED	-	-	-
test_gate_gc_an_integer_descriptor_never_enters_the_mark_worklist.sh	WIRED	-	-	-
test_gate_gc_assertions_checked_during_the_trace.sh	WIRED	-	-	-
test_gate_gc_blob_carve_invariant_is_named_and_held.sh	WIRED	-	-	-
test_gate_gc_callback_wraps_are_counted_live.sh	WIRED	-	-	-
test_gate_gc_carve_advances_the_virgin_mark_past_a_straddling_block.sh	WIRED	-	-	-
test_gate_gc_collector_visits_only_mapped_slots.sh	WIRED	-	-	-
test_gate_gc_conservative_auditor_reports_and_cannot_ship.sh	WIRED	-	-	-
test_gate_gc_differential_configs_agree.sh	WIRED	-	-	-
test_gate_gc_dt_data_names_one_pointed_at_shape.sh	WIRED	-	-	-
test_gate_gc_emitted_safe_point_matches_its_contract.sh	WIRED	-	-	-
test_gate_gc_eval_built_names_survive_a_collection.sh	WIRED	-	-	-
test_gate_gc_event_coverage_reports_and_ratchets.sh	WIRED	-	-	-
test_gate_gc_every_allocating_runtime_entry_returns_to_a_safe_point.sh	WIRED	-	-	-
test_gate_gc_every_asm_entry_shim_tags_its_callee_saved_pushes.sh	WIRED	-	-	-
test_gate_gc_every_credited_bare_poll_site_has_a_zero_collection_witness.sh	WIRED	-	-	-
test_gate_gc_every_gva_island_cell_is_a_root_a_hidden_compiler_temporary_included.sh	WIRED	-	-	-
test_gate_gc_every_safe_point_has_a_compile_time_frame_shape.sh	WIRED	-	-	-
test_gate_gc_forced_relocation_moves_every_live_block.sh	WIRED	-	-	-
test_gate_gc_func_table_is_rooted_not_pinned_alive.sh	WIRED	-	-	-
test_gate_gc_icon_allocating_boxes_poll_after_storing_the_result.sh	WIRED	-	-	-
test_gate_gc_instrument_censuses_are_wired_and_trip.sh	WIRED	-	-	-
test_gate_gc_map_table_present_in_both_media.sh	WIRED	-	-	-
test_gate_gc_maps_reporter_runs_beside_the_scan.sh	WIRED	-	-	-
test_gate_gc_mark_worklist_visits_typed_layouts_not_words.sh	WIRED	-	-	-
test_gate_gc_no_collection_inside_a_runtime_call.sh	WIRED	-	-	-
test_gate_gc_no_pinned_lifetime_class.sh	WIRED	-	-	-
test_gate_gc_nv_cell_caches_honour_the_memo_generation.sh	WIRED	-	-	-
test_gate_gc_one_stack_the_walker_sweeps_tagged_cells.sh	WIRED	-	-	-
test_gate_gc_pacing_bounds_a_churning_program.sh	WIRED	-	-	-
test_gate_gc_pas_every_frame_slot_has_a_kind.sh	WIRED	-	-	-
test_gate_gc_pas_heap_cells_survive_forced_movement.sh	WIRED	-	-	-
test_gate_gc_raku_every_frame_slot_has_a_kind.sh	WIRED	-	-	-
test_gate_gc_rbx_is_the_frontier.sh	WIRED	-	-	-
test_gate_gc_record_type_table_is_rooted_not_blanket_marked.sh	WIRED	-	-	-
test_gate_gc_runtime_compiled_code_bakes_no_arena_address.sh	WIRED	-	-	-
test_gate_gc_scan_subject_saves_are_rooted.sh	WIRED	-	-	-
test_gate_gc_table_insertion_order_array_is_rooted_not_pinned_alive.sh	WIRED	-	-	-
test_gate_gc_the_allocating_set_is_a_generated_table_gated_against_the_call_graph.sh	WIRED	-	-	-
test_gate_gc_the_asm_allocator_carves_reused_ground_after_a_collection.sh	WIRED	-	-	-
test_gate_gc_the_birth_ledger_names_a_line_not_a_two_thousand_line_symbol.sh	WIRED	-	-	-
test_gate_gc_the_blob_frame_interior_is_a_static_layout.sh	WIRED	-	-	-
test_gate_gc_the_caller_saved_spill_block_never_holds_a_heap_reference.sh	WIRED	-	-	-
test_gate_gc_the_coexpression_roots_are_typed_and_the_parked_stacks_are_segments.sh	WIRED	-	-	-
test_gate_gc_the_cset_registry_is_rooted.sh	WIRED	-	-	-
test_gate_gc_the_decidable_test.sh	WIRED	-	-	-
test_gate_gc_the_descriptor_kind_sets_are_a_declared_subset.sh	WIRED	-	-	-
test_gate_gc_the_errtext_keyword_value_survives_a_collection.sh	WIRED	-	-	-
test_gate_gc_the_flip_plant_turns_a_stale_pointer_into_a_located_fault.sh	WIRED	-	-	-
test_gate_gc_the_frame_map_anchor_is_the_frame_base_even_when_the_poll_floor_is_above_it.sh	WIRED	-	-	-
test_gate_gc_the_frame_map_dump_reports_in_mode_4_as_in_mode_3.sh	WIRED	-	-	-
test_gate_gc_the_icon_errorvalue_keyword_survives_a_collection.sh	WIRED	-	-	-
test_gate_gc_the_icon_operator_context_survives_a_collection.sh	WIRED	-	-	-
test_gate_gc_the_keyword_csets_survive_a_collection.sh	WIRED	-	-	-
test_gate_gc_the_lowerer_registries_are_rooted_not_malloced.sh	WIRED	-	-	-
test_gate_gc_the_mark_walk_is_a_worklist_not_recursion_per_cell.sh	WIRED	-	-	-
test_gate_gc_the_name_save_stack_and_the_eval_tables_are_rooted_not_moved_off_the_heap.sh	WIRED	-	-	-
test_gate_gc_the_pending_prolog_ball_is_a_rooted_cell.sh	WIRED	-	-	-
test_gate_gc_the_plant_says_whether_it_applied.sh	WIRED	-	-	-
test_gate_gc_the_poll_is_a_register_preserving_asm_leaf.sh	WIRED	-	-	-
test_gate_gc_the_prolog_root_cells_live_inside_the_value_region_and_are_visited_by_type.sh	WIRED	-	-	-
test_gate_gc_the_root_map_cell_is_stored_at_its_map_offset_whatever_graph_was_emitted_before_main.sh	WIRED	-	-	-
test_gate_gc_the_safe_point_census_counts_emitted_paths_not_source_proximity.sh	WIRED	-	-	-
test_gate_gc_the_scan_enter_poll_never_roots_an_unestablished_subject_base.sh	WIRED	-	-	-
test_gate_gc_the_scan_subject_base_is_reloaded_after_a_call_inside_a_scan.sh	WIRED	-	-	-
test_gate_gc_the_spill_record_carries_a_callee_saved_heap_pointer_across_an_allocating_return.sh	WIRED	-	-	-
test_gate_gc_the_spine_cell_grid_is_anchored_at_the_region_base.sh	WIRED	-	-	-
test_gate_gc_the_spine_tagged_cell_walk_is_load_bearing.sh	WIRED	-	-	-
test_gate_gc_the_stack_is_completely_accounted_at_every_collection.sh	WIRED	-	-	-
test_gate_gc_the_stack_walk_stops_at_the_outermost_emitted_frame.sh	WIRED	-	-	-
test_gate_gc_the_stack_walk_survives_valgrind.sh	WIRED	-	-	-
test_gate_gc_the_tiny_arena_is_the_default_of_gc_testing.sh	WIRED	-	-	-
test_gate_gc_the_unmapped_spine_store_witness_answers_its_oracle_at_every_band_point.sh	WIRED	-	-	-
test_gate_gc_the_visited_set_key_spaces_do_not_collide.sh	WIRED	-	-	-
test_gate_gimpel_runner_masks_the_engine_clock_lines.sh	WIRED	-	-	-
test_gate_handoff_status_lane_scoped_debt_and_refusal_never_reads_complete.sh	WIRED	-	-	-
test_gate_harness_containers_break_lines_on_lf_only.sh	WIRED	-	-	-
test_gate_harness_extract_refuses_before_it_writes.sh	WIRED	-	-	-
test_gate_harness_red_carries_a_fingerprint_and_a_shard_run_says_so.sh	WIRED	-	-	-
test_gate_harness_refusal_is_rc2.sh	WIRED	-	-	-
test_gate_harness_renders_a_spitbol_fatal_into_stdout.sh	WIRED	-	-	-
test_gate_harness_shard_reads_the_outside_list_from_the_unsharded_entries.sh	WIRED	-	-	-
test_gate_harness_transitive_companions.sh	WIRED	-	-	-
test_gate_heap_exhaustion_at_the_cap_is_a_reported_error_not_an_abort.sh	WIRED	-	-	-
test_gate_icn_a_call_through_a_value_reports_its_line_and_its_frame.sh	WIRED	-	-	-
test_gate_icn_a_clib_sidecar_builds_the_library_a_program_loads.sh	WIRED	-	-	-
test_gate_icn_a_closed_file_raises_212_on_read_and_213_on_write.sh	WIRED	-	-	-
test_gate_icn_a_large_integer_crosses_into_a_loaded_c_function.sh	WIRED	-	-	-
test_gate_icn_a_linked_procedure_reports_its_own_file.sh	WIRED	-	-	-
test_gate_icn_a_one_character_substring_swap_builds_one_string.sh	WIRED	-	-	-
test_gate_icn_a_part_of_a_statement_on_a_later_line_reports_its_own_line.sh	WIRED	-	-	-
test_gate_icn_a_procedure_entered_or_resumed_from_c_reads_its_statics.sh	WIRED	-	-	-
test_gate_icn_a_procedure_returns_its_variable_when_its_result_is_one.sh	WIRED	-	-	-
test_gate_icn_a_record_field_under_a_subscript_section_bang_or_random_is_a_variable.sh	WIRED	-	-	-
test_gate_icn_a_spine_opened_plain_procedure_fails_forward_on_redo.sh	WIRED	-	-	-
test_gate_icn_a_string_append_in_a_loop_extends_in_place.sh	WIRED	-	-	-
test_gate_icn_a_string_with_an_embedded_nul_subscripts_by_its_length.sh	WIRED	-	-	-
test_gate_icn_a_suspend_and_a_resume_restore_their_own_lines.sh	WIRED	-	-	-
test_gate_icn_a_suspended_variable_images_as_a_variable_not_its_value.sh	WIRED	-	-	-
test_gate_icn_a_suspended_variable_survives_the_procedure_boundary.sh	WIRED	-	-	-
test_gate_icn_a_traceback_images_the_left_operand_after_its_conversion.sh	WIRED	-	-	-
test_gate_icn_a_trapped_substring_past_its_shrunk_subject_raises_205.sh	WIRED	-	-	-
test_gate_icn_a_variable_operand_derefs_at_the_operation.sh	WIRED	-	-	-
test_gate_icn_alternation_beyond_32_arms.sh	WIRED	-	-	-
test_gate_icn_an_error_after_a_return_reports_the_callers_line.sh	WIRED	-	-	-
test_gate_icn_an_external_value_answers_type_image_copy_identity_and_sort_as_iconx.sh	WIRED	-	-	-
test_gate_icn_apply_invocation_of_a_generator_opens_one_level_not_two.sh	WIRED	-	-	-
test_gate_icn_argcheck_filter_admits_every_table_row.sh	WIRED	-	-	-
test_gate_icn_args_of_a_variadic_procedure_is_negative.sh	WIRED	-	-	-
test_gate_icn_argument_type_discipline.sh	WIRED	-	-	-
test_gate_icn_assignment_through_a_section_element_or_keyword_stores_like_icont.sh	WIRED	-	-	-
test_gate_icn_augmented_assignment_to_an_element_or_field_applies_its_own_operator.sh	WIRED	-	-	-
test_gate_icn_augmented_scan_over_an_alternation.sh	WIRED	-	-	-
test_gate_icn_bal_argument_types_raise_as_icont.sh	WIRED	-	-	-
test_gate_icn_bal_generates_every_balance_point.sh	WIRED	-	-	-
test_gate_icn_bal_is_a_backtracking_generator.sh	WIRED	-	-	-
test_gate_icn_bang_on_a_file_generates_whole_lines.sh	WIRED	-	-	-
test_gate_icn_bounded_expression_releases_suspended_frame.sh	WIRED	-	-	-
test_gate_icn_builtin_name_in_lvalue_base_position_carries_its_value.sh	WIRED	-	-	-
test_gate_icn_byname_generator_call_inherits_the_scanning_environment.sh	WIRED	-	-	-
test_gate_icn_byname_generator_region_is_not_on_the_arena.sh	WIRED	-	-	-
test_gate_icn_call_site_parity_at_proc_call_open.sh	WIRED	-	-	-
test_gate_icn_call_traces_its_call_line_exactly_once.sh	WIRED	-	-	-
test_gate_icn_coexpression_image_counts_activations_like_icont.sh	WIRED	-	-	-
test_gate_icn_converted_arith_error_reports_its_own_number.sh	WIRED	-	-	-
test_gate_icn_cset_operations_and_a_substring_assignment_follow_iconx.sh	WIRED	-	-	-
test_gate_icn_display_reads_every_activations_locals.sh	WIRED	-	-	-
test_gate_icn_dump_ast_shows_the_parsed_program_and_pruning_stays_a_lowering_step.sh	WIRED	-	-	-
test_gate_icn_errorvalue_is_absent_when_the_error_carries_none.sh	WIRED	-	-	-
test_gate_icn_exit_converts_its_argument_as_integer_does.sh	WIRED	-	-	-
test_gate_icn_field_access_on_a_non_record_raises_107.sh	WIRED	-	-	-
test_gate_icn_find_takes_negative_positions.sh	WIRED	-	-	-
test_gate_icn_function_builtin_names_dispatchable.sh	WIRED	-	-	-
test_gate_icn_gc_a_scanned_subject_with_an_embedded_nul_keeps_its_length_across_a_collection.sh	WIRED	-	-	-
test_gate_icn_generator_exhaustion_traces_failed.sh	WIRED	-	-	-
test_gate_icn_generator_records_its_activation.sh	WIRED	-	-	-
test_gate_icn_generator_regime_calls_the_runtime_at_c_parity.sh	WIRED	-	-	-
test_gate_icn_generator_return_ends_the_activation_and_varargs_image_as_the_list.sh	WIRED	-	-	-
test_gate_icn_generator_return_traces_returned_not_failed.sh	WIRED	-	-	-
test_gate_icn_global_names_are_not_governed_by_snobol4_keywords.sh	WIRED	-	-	-
test_gate_icn_if_without_else_invocable_arity_and_string_continuation.sh	WIRED	-	-	-
test_gate_icn_integer_and_real_refuse_a_c_hex_string.sh	WIRED	-	-	-
test_gate_icn_ipl_alone_sidecar_runs_the_unit_in_a_directory_of_its_own.sh	WIRED	-	-	-
test_gate_icn_ipl_calc_reports_erroneous_input.sh	WIRED	-	-	-
test_gate_icn_ipl_cutter_detects_a_nondeterministic_program.sh	WIRED	-	-	-
test_gate_icn_ipl_declared_status_and_empty_output_are_graded.sh	WIRED	-	-	-
test_gate_icn_ipl_env_sidecar_reaches_the_oracle_and_both_modes.sh	WIRED	-	-	-
test_gate_icn_ipl_fixtures_stage_subdirectories_and_dotfiles.sh	WIRED	-	-	-
test_gate_icn_ipl_head_sidecar_cuts_an_endless_output.sh	WIRED	-	-	-
test_gate_icn_ipl_m4_run_ends_the_runtime_switches_before_the_programs_argv.sh	WIRED	-	-	-
test_gate_icn_ipl_mask_sidecar_masks_what_varies_on_both_sides.sh	WIRED	-	-	-
test_gate_icn_ipl_outfiles_sidecar_grades_the_files_a_program_writes.sh	WIRED	-	-	-
test_gate_icn_ipl_pin_sidecar_fixes_the_clock_and_entropy_for_both_participants.sh	WIRED	-	-	-
test_gate_icn_ipl_pty_sidecar_runs_the_unit_on_a_terminal.sh	WIRED	-	-	-
test_gate_icn_ipl_row_is_the_and_of_both_modes.sh	WIRED	-	-	-
test_gate_icn_ipl_scan_resume_and_limit_flips.sh	WIRED	-	-	-
test_gate_icn_ipl_shims_sidecar_stands_in_for_host_commands.sh	WIRED	-	-	-
test_gate_icn_keyword_variable_argument_dereferences_at_the_call.sh	WIRED	-	-	-
test_gate_icn_link_takes_any_number_of_files.sh	WIRED	-	-	-
test_gate_icn_list_and_reads_size_argument_is_gated_like_iconx.sh	WIRED	-	-	-
test_gate_icn_loadfunc_returns_a_callable.sh	WIRED	-	-	-
test_gate_icn_main_is_a_procedure_a_call_to_it_returns_to_its_caller.sh	WIRED	-	-	-
test_gate_icn_monitor_a_cset_value_crosses_the_wire_as_icx_sends_it.sh	WIRED	-	-	-
test_gate_icn_monitor_icx_links_what_scrip_links.sh	WIRED	-	-	-
test_gate_icn_monitor_names_and_types_a_value_as_icx_does.sh	WIRED	-	-	-
test_gate_icn_no_stack.sh	WIRED	-	-	-
test_gate_icn_one_reg_frame.sh	WIRED	-	-	-
test_gate_icn_open_directory_reads_entries.sh	WIRED	-	-	-
test_gate_icn_outside_baseline_is_read_and_mirrored.sh	WIRED	-	-	-
test_gate_icn_port_trace.sh	WIRED	-	-	-
test_gate_icn_pow_large_integer_exponent.sh	WIRED	-	-	-
test_gate_icn_pre_step_tool_matches_icont_e.sh	WIRED	-	-	-
test_gate_icn_range_operands_must_be_integers.sh	WIRED	-	-	-
test_gate_icn_rbp_census_ratchet.sh	WIRED	-	-	-
test_gate_icn_real_str_is_icons_own_convention.sh	WIRED	-	-	-
test_gate_icn_record_field_name_is_not_a_procedure.sh	WIRED	-	-	-
test_gate_icn_return_from_inside_a_scan_block_restores_the_enclosing_scan.sh	WIRED	-	-	-
test_gate_icn_reversible_exchange_on_a_global.sh	WIRED	-	-	-
test_gate_icn_rundir_contract.sh	WIRED	-	-	-
test_gate_icn_scan_argtype.sh	WIRED	-	-	-
test_gate_icn_scan_find_and_match_carry_a_literals_length.sh	WIRED	-	-	-
test_gate_icn_scan_subject_must_be_string_convertible.sh	WIRED	-	-	-
test_gate_icn_scrip_does_not_preprocess.sh	WIRED	-	-	-
test_gate_icn_seq_null_argument_defaults.sh	WIRED	-	-	-
test_gate_icn_seq_takes_a_variable_step.sh	WIRED	-	-	-
test_gate_icn_string_builtins_refuse_a_non_string_argument.sh	WIRED	-	-	-
test_gate_icn_string_escapes_match_icont_including_unknown_and_uppercase.sh	WIRED	-	-	-
test_gate_icn_string_functions_carry_an_embedded_nul.sh	WIRED	-	-	-
test_gate_icn_string_invoked_to_by_is_a_generator.sh	WIRED	-	-	-
test_gate_icn_subscript_index_is_checked_and_the_account_is_written.sh	WIRED	-	-	-
test_gate_icn_tag_single_source.sh	WIRED	-	-	-
test_gate_icn_the_block_protocol_carries_every_call.sh	WIRED	-	-	-
test_gate_icn_the_cset_registry_is_weak_so_a_dead_computed_cset_leaves_the_collector.sh	WIRED	-	-	-
test_gate_icn_traceback_corpus_pairs_are_oracle_exact.sh	WIRED	-	-	-
test_gate_icn_traceback_names_the_source_file_not_the_last_argv.sh	WIRED	-	-	-
test_gate_icn_traced_call_reports_its_own_call_site_line.sh	WIRED	-	-	-
test_gate_icn_unreferenced_linked_procedures_are_not_emitted.sh	WIRED	-	-	-
test_gate_icn_version_keyword_is_the_oracles.sh	WIRED	-	-	-
test_gate_icn_write_is_byte_exact_through_an_embedded_nul.sh	WIRED	-	-	-
test_gate_icn_writes_to_errout_flushes_output_first.sh	WIRED	-	-	-
test_gate_icon_arguments_dereference_at_the_call.sh	WIRED	-	-	-
test_gate_icon_arizona_driver_ipath_names_libraries_not_programs.sh	WIRED	-	-	-
test_gate_icon_features_and_preprocessor_symbols_agree.sh	WIRED	-	-	-
test_gate_icon_m4_invocation_is_pinned.sh	WIRED	-	-	-
test_gate_icon_package_units_carry_their_attribute_row.sh	WIRED	-	-	-
test_gate_icon_rungs_entries_compile_under_icont.sh	WIRED	-	-	-
test_gate_icon_runners_grade_the_preprocess_only_contract.sh	WIRED	-	-	-
test_gate_icon_scratch_names_are_not_tracked.sh	WIRED	-	-	-
test_gate_icon_shipped_trees_compile_under_icont.sh	WIRED	-	-	-
test_gate_icon_shootout_is_ceo567_conforming.sh	WIRED	-	-	-
test_gate_int64_min_divided_by_minus_one_dies_of_no_signal_in_any_frontend.sh	WIRED	-	-	-
test_gate_ir_reading_voids_a_dead_run.sh	WIRED	-	-	-
test_gate_kw_integer_hex_refused.sh	WIRED	-	-	-
test_gate_ladder_asserts_stderr.sh	WIRED	-	-	-
test_gate_ladder_forms_check_selftest.sh	WIRED	-	-	-
test_gate_ladder_walk_v4_exempts_package_class_rows.sh	WIRED	-	-	-
test_gate_lib_rungs_extract_refuses_without_a_language.sh	WIRED	-	-	-
test_gate_library_driver_generator.sh	WIRED	-	-	-
test_gate_logtalk_population_is_named_and_sums.sh	WIRED	-	-	-
test_gate_m4_a_proc_the_startup_skips_keeps_its_compile_time_slot.sh	WIRED	-	-	-
test_gate_make_leaves_out_a_dep_file_whose_source_is_gone.sh	WIRED	-	-	-
test_gate_make_test_loops_and_reports.sh	WIRED	-	-	-
test_gate_mint_op_is_one_numbering.sh	WIRED	-	-	-
test_gate_mint_refuses_a_prose_donewhen.sh	WIRED	-	-	-
test_gate_mode_line2_is_self_consistent.sh	WIRED	-	-	-
test_gate_monitor_a_binary_participant_ends_its_stream_when_the_trace_budget_is_spent.sh	WIRED	-	-	-
test_gate_monitor_a_long_run_agrees_past_one_hundred_thousand_events.sh	WIRED	-	-	-
test_gate_monitor_a_repeated_snobol4_assignment_is_reported_each_time.sh	WIRED	-	-	-
test_gate_monitor_a_snobol4_name_starting_with_at_is_sent_as_its_value.sh	WIRED	-	-	-
test_gate_monitor_an_untyped_value_grades_ungraded_never_agree.sh	WIRED	-	-	-
test_gate_monitor_grades_the_output_event.sh	WIRED	-	-	-
test_gate_monitor_refuses_when_a_participant_never_starts.sh	WIRED	-	-	-
test_gate_monitor_return_event_names_the_kind_the_function_returned_by.sh	WIRED	-	-	-
test_gate_monitor_run_accepts_spt_and_sbl_extensions.sh	WIRED	-	-	-
test_gate_monitor_run_runs_its_subject_in_a_scratch_mirror.sh	WIRED	-	-	-
test_gate_next_honours_the_lane_cut.sh	WIRED	-	-	-
test_gate_no_bb_bin_t.sh	WIRED	-	-	-
test_gate_no_bench_kernel_qualifies_for_gva_demotion.sh	WIRED	-	-	-
test_gate_no_c_to_bb.sh	WIRED	-	-	-
test_gate_no_c_to_bb_ratchet.sh	WIRED	-	-	-
test_gate_no_handencoded_bytes.sh	WIRED	-	-	-
test_gate_no_implicit_declarations.sh	WIRED	-	-	-
test_gate_no_language_discriminator_in_the_runtime.sh	WIRED	-	-	-
test_gate_no_library_is_ungradable_and_every_container_names_its_measurement.sh	WIRED	-	-	-
test_gate_no_o2_arm_in_scripts.sh	WIRED	-	-	-
test_gate_no_ref_pins_oracle_internal_state.sh	WIRED	-	-	-
test_gate_no_rungs_ref_is_an_ast_dump.sh	WIRED	-	-	-
test_gate_no_runner_types_a_size_or_sets_the_window.sh	WIRED	-	-	-
test_gate_no_script_passes_a_retired_include_directory.sh	WIRED	-	-	-
test_gate_no_stored_code_address_in_the_prolog_gate.sh	WIRED	-	-	-
test_gate_no_unnamed_holes_in_an_activation_frame.sh	WIRED	-	-	-
test_gate_no_vstack.sh	WIRED	-	-	-
test_gate_no_weak_abort_stub.sh	WIRED	-	-	-
test_gate_no_worktree_blind_subject.sh	WIRED	-	-	-
test_gate_no_xfail_survives.sh	WIRED	-	-	-
test_gate_no_zeta_frame_switches.sh	WIRED	-	-	-
test_gate_nreturn_by_name_value_broken.sh	WIRED	-	-	-
test_gate_one_function_installs_a_compiled_proc_for_the_mode_3_loop_and_raku_eval.sh	WIRED	-	-	-
test_gate_one_runner_fixture_is_admitted_only_outside_the_shared_corpus.sh	WIRED	-	-	-
test_gate_one_runner_one_board.sh	WIRED	-	-	-
test_gate_oracle_args_sidecar_is_declared_and_reaches_the_oracle.sh	WIRED	-	-	-
test_gate_oracle_env_sidecar_is_declared_and_reaches_the_oracle.sh	WIRED	-	-	-
test_gate_orphaned_witnesses_do_not_grow.sh	WIRED	-	-	-
test_gate_our_files_are_lf.sh	WIRED	-	-	-
test_gate_outside_baseline_rows_name_a_live_measurement.sh	WIRED	-	-	-
test_gate_package_contract_merges_stderr_and_a_rebuild_keeps_settings_rows.sh	WIRED	-	-	-
test_gate_package_runners_grade_a_library_through_its_driver.sh	WIRED	-	-	-
test_gate_package_runners_print_the_inventory.sh	WIRED	-	-	-
test_gate_package_runners_read_each_units_declared_compile_args.sh	WIRED	-	-	-
test_gate_parser_demos_match_bootstrap.sh	WIRED	-	-	-
test_gate_parser_generated_files_in_sync.sh	WIRED	-	-	-
test_gate_parser_raku_sc_nest8_witness.sh	WIRED	-	-	-
test_gate_pas_a_blocks_declaration_parts_come_in_iso_order.sh	WIRED	-	-	-
test_gate_pas_a_boolean_array_element_or_record_field_prints_as_a_boolean.sh	WIRED	-	-	-
test_gate_pas_a_call_carries_as_many_actuals_as_formals.sh	WIRED	-	-	-
test_gate_pas_a_case_statement_with_no_matching_constant_is_an_error.sh	WIRED	-	-	-
test_gate_pas_a_char_array_read_out_of_a_record_field_keeps_its_characters.sh	WIRED	-	-	-
test_gate_pas_a_char_code_literal_is_a_char.sh	WIRED	-	-	-
test_gate_pas_a_char_field_of_a_variant_record_variable_prints_as_a_character.sh	WIRED	-	-	-
test_gate_pas_a_char_subrange_variable_holds_chars.sh	WIRED	-	-	-
test_gate_pas_a_char_value_assigned_to_a_string_variable_is_one_character_not_its_decimal_text.sh	WIRED	-	-	-
test_gate_pas_a_character_string_is_assigned_only_to_a_string_type_of_its_length.sh	WIRED	-	-	-
test_gate_pas_a_character_string_is_never_empty.sh	WIRED	-	-	-
test_gate_pas_a_currency_prints_as_its_exact_four_decimal_value_in_e_format.sh	WIRED	-	-	-
test_gate_pas_a_declared_label_prefixes_exactly_one_statement_of_its_block.sh	WIRED	-	-	-
test_gate_pas_a_field_of_an_anonymous_record_variable_keeps_its_record_type.sh	WIRED	-	-	-
test_gate_pas_a_file_carries_its_iso_mode_and_says_so.sh	WIRED	-	-	-
test_gate_pas_a_file_component_is_never_itself_a_file.sh	WIRED	-	-	-
test_gate_pas_a_file_variable_is_not_altered_while_a_reference_to_its_buffer_exists.sh	WIRED	-	-	-
test_gate_pas_a_for_control_variable_is_undefined_after_the_for_statement.sh	WIRED	-	-	-
test_gate_pas_a_for_statement_stays_inside_its_control_variables_type.sh	WIRED	-	-	-
test_gate_pas_a_forward_declared_parameters_record_fields_resolve.sh	WIRED	-	-	-
test_gate_pas_a_function_result_is_defined_when_its_algorithm_completes.sh	WIRED	-	-	-
test_gate_pas_a_goto_leaves_its_routine_for_an_enclosing_label.sh	WIRED	-	-	-
test_gate_pas_a_goto_never_enters_a_structured_statement.sh	WIRED	-	-	-
test_gate_pas_a_goto_out_of_a_routine_leaves_every_box_of_main_at_one_depth.sh	WIRED	-	-	-
test_gate_pas_a_literal_actual_is_assignment_compatible_with_its_value_formal.sh	WIRED	-	-	-
test_gate_pas_a_literal_is_assignment_compatible_with_its_variable.sh	WIRED	-	-	-
test_gate_pas_a_mod_divisor_is_positive.sh	WIRED	-	-	-
test_gate_pas_a_monadic_sign_takes_only_a_number.sh	WIRED	-	-	-
test_gate_pas_a_name_is_a_char_array_only_where_its_char_array_declaration_is_visible.sh	WIRED	-	-	-
test_gate_pas_a_named_array_of_records_keeps_its_fields.sh	WIRED	-	-	-
test_gate_pas_a_nil_or_undefined_pointer_is_never_dereferenced.sh	WIRED	-	-	-
test_gate_pas_a_number_never_touches_a_following_word.sh	WIRED	-	-	-
test_gate_pas_a_number_read_from_a_textfile_is_an_iso_signed_number.sh	WIRED	-	-	-
test_gate_pas_a_numeric_literal_fits_what_scrip_represents.sh	WIRED	-	-	-
test_gate_pas_a_numeric_read_accepts_prefixed_integers_and_lenient_reals_as_fpc_does.sh	WIRED	-	-	-
test_gate_pas_a_pack_records_directive_sets_the_field_alignment_of_the_records_after_it.sh	WIRED	-	-	-
test_gate_pas_a_pchar_is_a_string_and_an_offset_and_a_widechar_array_converts_through_stringtowidechar.sh	WIRED	-	-	-
test_gate_pas_a_pointer_target_is_a_variable_parameter_and_is_not_disposed_during_the_call.sh	WIRED	-	-	-
test_gate_pas_a_qword_divides_unsigned_and_a_wide_integer_prints_as_fpc_miso_does.sh	WIRED	-	-	-
test_gate_pas_a_record_wider_than_the_field_table_still_resolves_its_variant_tags.sh	WIRED	-	-	-
test_gate_pas_a_required_procedure_is_activated_with_its_parameters.sh	WIRED	-	-	-
test_gate_pas_a_set_held_in_a_record_field_combines_as_a_set.sh	WIRED	-	-	-
test_gate_pas_a_set_held_in_a_record_keeps_its_members.sh	WIRED	-	-	-
test_gate_pas_a_set_member_is_of_an_ordinal_type.sh	WIRED	-	-	-
test_gate_pas_a_string_type_is_indexed_by_an_integer_subrange_not_an_enumerated_one.sh	WIRED	-	-	-
test_gate_pas_a_subrange_bound_or_case_constant_is_never_real.sh	WIRED	-	-	-
test_gate_pas_a_subrange_variable_is_given_only_values_of_its_subrange.sh	WIRED	-	-	-
test_gate_pas_a_tag_allocated_variable_is_not_accessed_as_a_whole_variable.sh	WIRED	-	-	-
test_gate_pas_a_tag_field_is_not_passed_as_a_variable_parameter.sh	WIRED	-	-	-
test_gate_pas_a_text_parameter_is_the_file_its_actual_names.sh	WIRED	-	-	-
test_gate_pas_a_two_dimensional_array_indexes_the_same_both_ways.sh	WIRED	-	-	-
test_gate_pas_a_type_definition_never_applies_its_own_identifier.sh	WIRED	-	-	-
test_gate_pas_a_typed_file_var_formal_is_the_callers_file.sh	WIRED	-	-	-
test_gate_pas_a_value_assigned_through_a_pointer_is_compatible_with_its_domain_type.sh	WIRED	-	-	-
test_gate_pas_a_value_formal_parameter_is_not_of_a_file_type_nor_holds_one.sh	WIRED	-	-	-
test_gate_pas_a_var_actual_has_the_type_of_its_formal.sh	WIRED	-	-	-
test_gate_pas_a_variable_is_defined_once_per_variable_declaration_part.sh	WIRED	-	-	-
test_gate_pas_a_variant_case_constant_is_a_value_of_its_tag_type.sh	WIRED	-	-	-
test_gate_pas_a_variant_is_undefined_after_the_tag_field_changes_value.sh	WIRED	-	-	-
test_gate_pas_a_variant_record_is_active_for_its_references_and_a_tag_allocated_variable_keeps_its_variants.sh	WIRED	-	-	-
test_gate_pas_a_word_symbol_is_never_defined_as_an_identifier.sh	WIRED	-	-	-
test_gate_pas_an_anonymous_record_variable_borrows_no_declared_record_type.sh	WIRED	-	-	-
test_gate_pas_an_arithmetic_or_transfer_function_has_a_value.sh	WIRED	-	-	-
test_gate_pas_an_array_assigned_or_passed_by_value_is_a_copy.sh	WIRED	-	-	-
test_gate_pas_an_array_field_of_a_record_component_is_indexed_as_its_type.sh	WIRED	-	-	-
test_gate_pas_an_array_keeps_its_declared_low_bound.sh	WIRED	-	-	-
test_gate_pas_an_array_of_records_held_as_a_record_field_compiles_and_runs.sh	WIRED	-	-	-
test_gate_pas_an_identifier_is_defined_before_it_is_used_in_its_block.sh	WIRED	-	-	-
test_gate_pas_an_if_while_or_until_condition_must_be_boolean.sh	WIRED	-	-	-
test_gate_pas_an_index_outside_its_type_is_a_diagnosed_error.sh	WIRED	-	-	-
test_gate_pas_an_ordinal_function_never_takes_a_real.sh	WIRED	-	-	-
test_gate_pas_an_ordinal_function_result_exists_in_its_type.sh	WIRED	-	-	-
test_gate_pas_an_unassigned_header_file_binds_to_stdio_only_under_iso_mode.sh	WIRED	-	-	-
test_gate_pas_an_unnamed_file_leaves_no_tmp_entry.sh	WIRED	-	-	-
test_gate_pas_and_or_short_circuit_as_the_oracle_does.sh	WIRED	-	-	-
test_gate_pas_array_field_elements_keep_their_declared_width.sh	WIRED	-	-	-
test_gate_pas_boolean_write_iso_mod_and_forward_params.sh	WIRED	-	-	-
test_gate_pas_bytebool_wordbool_longbool_store_the_oracles_all_bits_value.sh	WIRED	-	-	-
test_gate_pas_calls_carry_more_than_six_operands.sh	WIRED	-	-	-
test_gate_pas_declared_locals_get_frame_slots.sh	WIRED	-	-	-
test_gate_pas_dispose_of_a_pointer_whose_pointee_a_with_statement_references_is_refused.sh	WIRED	-	-	-
test_gate_pas_eoln_needs_a_defined_file_not_at_its_end.sh	WIRED	-	-	-
test_gate_pas_every_identifier_has_a_defining_point.sh	WIRED	-	-	-
test_gate_pas_exit_leaves_the_routine_it_names.sh	WIRED	-	-	-
test_gate_pas_fillchar_of_a_dereferenced_pointer_array_fills_the_pointee_bounds.sh	WIRED	-	-	-
test_gate_pas_five_or_more_parameters_arrive.sh	WIRED	-	-	-
test_gate_pas_fpc_suite_grades_against_a_corrected_ref_and_refuses_a_stale_or_missing_one.sh	WIRED	-	-	-
test_gate_pas_heap_table_is_a_movable_root.sh	WIRED	-	-	-
test_gate_pas_inline_record_char_fields_print_as_chars.sh	WIRED	-	-	-
test_gate_pas_labels_stay_under_ten_thousand_and_program_parameters_are_distinct.sh	WIRED	-	-	-
test_gate_pas_low_and_high_of_a_string_variable.sh	WIRED	-	-	-
test_gate_pas_maxint_is_the_required_constant.sh	WIRED	-	-	-
test_gate_pas_monitor_plug_sends_every_assignment.sh	WIRED	-	-	-
test_gate_pas_nested_record_char_field_prints_as_a_char.sh	WIRED	-	-	-
test_gate_pas_no_aggregate_is_a_delimiter_joined_string.sh	WIRED	-	-	-
test_gate_pas_only_the_tree_crosses_from_the_parser_to_lower.sh	WIRED	-	-	-
test_gate_pas_pack_unpack_and_text_get_put.sh	WIRED	-	-	-
test_gate_pas_pack_unpack_stays_inside_the_unpacked_arrays_index_type.sh	WIRED	-	-	-
test_gate_pas_packed_component_is_not_a_var_parameter.sh	WIRED	-	-	-
test_gate_pas_pat_m4_arm_links_and_runs.sh	WIRED	-	-	-
test_gate_pas_port_trace.sh	WIRED	-	-	-
test_gate_pas_read_at_end_of_line_yields_a_space.sh	WIRED	-	-	-
test_gate_pas_readln_and_writeln_require_a_textfile.sh	WIRED	-	-	-
test_gate_pas_real_record_fields_read_back_as_reals.sh	WIRED	-	-	-
test_gate_pas_record_variables_are_scoped_to_their_procedure.sh	WIRED	-	-	-
test_gate_pas_set_constructor_takes_a_subrange_member.sh	WIRED	-	-	-
test_gate_pas_setlength_resizes_a_string_to_the_new_length.sh	WIRED	-	-	-
test_gate_pas_sizeof_of_an_array_or_an_empty_record_is_its_byte_count.sh	WIRED	-	-	-
test_gate_pas_string_plus_concatenates_and_a_one_character_literal_is_a_string_where_a_string_is_wanted.sh	WIRED	-	-	-
test_gate_pas_succ_and_pred_keep_their_arguments_type.sh	WIRED	-	-	-
test_gate_pas_the_activation_frame_is_carved_and_released_by_the_emitted_prologue.sh	WIRED	-	-	-
test_gate_pas_the_input_buffer_variable_is_the_next_character.sh	WIRED	-	-	-
test_gate_pas_the_tag_of_a_variable_passed_by_reference_is_not_changed_during_the_call.sh	WIRED	-	-	-
test_gate_pas_two_routines_of_one_name_get_distinct_assembler_labels.sh	WIRED	-	-	-
test_gate_pas_typed_files_read_and_write_components.sh	WIRED	-	-	-
test_gate_pas_under_overflow_checking_an_unsigned_sum_that_goes_negative_is_runtime_error_215.sh	WIRED	-	-	-
test_gate_pas_uplevel_var_parameter_writes_back.sh	WIRED	-	-	-
test_gate_pas_variant_arms_overlay_the_same_storage.sh	WIRED	-	-	-
test_gate_pas_zero_based_strings_make_low_zero_and_index_from_zero_after_the_directive.sh	WIRED	-	-	-
test_gate_pattern_operand_reentry.sh	WIRED	-	-	-
test_gate_perf_fmt_refuses_a_dark_cell.sh	WIRED	-	-	-
test_gate_picker_autounblock.sh	WIRED	-	-	-
test_gate_picker_lane_table_agrees_with_mode.sh	WIRED	-	-	-
test_gate_pl_a_ball_propagates_past_the_remaining_clauses_of_a_dynamic_predicate.sh	WIRED	-	-	-
test_gate_pl_a_big_integer_past_the_double_range_raises_float_overflow.sh	WIRED	-	-	-
test_gate_pl_a_binary_stream_has_no_encoding_property.sh	WIRED	-	-	-
test_gate_pl_a_body_less_procedure_returns_a_defined_result.sh	WIRED	-	-	-
test_gate_pl_a_body_term_is_built_by_the_emitted_allocation_sequence.sh	WIRED	-	-	-
test_gate_pl_a_bounded_conditional_runs_assert_2_exists_and_a_huge_length_is_a_resource_error.sh	WIRED	-	-	-
test_gate_pl_a_call_whose_first_argument_selects_one_clause_enters_it_without_a_choice.sh	WIRED	-	-	-
test_gate_pl_a_choice_inside_a_dynamic_clause_body_is_retried.sh	WIRED	-	-	-
test_gate_pl_a_closed_stream_is_not_a_current_stream_argument.sh	WIRED	-	-	-
test_gate_pl_a_cut_inside_a_control_goal_held_in_a_variable_cuts_to_the_call.sh	WIRED	-	-	-
test_gate_pl_a_cut_redo_reaches_its_own_barrier.sh	WIRED	-	-	-
test_gate_pl_a_cyclic_term_hashes_in_finite_time.sh	WIRED	-	-	-
test_gate_pl_a_directive_name_before_an_infix_operator_is_an_atom.sh	WIRED	-	-	-
test_gate_pl_a_dollar_named_dynamic_predicate_is_dynamic_at_run_time.sh	WIRED	-	-	-
test_gate_pl_a_float_with_no_fraction_is_a_syntax_error_only_under_the_iso_flag.sh	WIRED	-	-	-
test_gate_pl_a_head_structure_against_an_unbound_argument_is_built_by_the_box.sh	WIRED	-	-	-
test_gate_pl_a_meta_call_of_a_compiled_predicate_jumps_to_it_and_resumes_through_its_token.sh	WIRED	-	-	-
test_gate_pl_a_meta_called_format_reads_its_empty_argument_list.sh	WIRED	-	-	-
test_gate_pl_a_module_qualified_goal_runs_its_goal_as_swipl.sh	WIRED	-	-	-
test_gate_pl_a_negative_unbounded_integer_literal_reads_as_its_own_value.sh	WIRED	-	-	-
test_gate_pl_a_predicate_with_more_than_64_clauses_keeps_every_clause.sh	WIRED	-	-	-
test_gate_pl_a_prefix_operator_wins_the_write_over_a_postfix_one.sh	WIRED	-	-	-
test_gate_pl_a_prelude_dcg_rule_reaches_the_program_that_calls_it.sh	WIRED	-	-	-
test_gate_pl_a_program_with_more_than_64_dynamic_declarations_keeps_every_one.sh	WIRED	-	-	-
test_gate_pl_a_quoted_atom_doubles_its_apostrophe.sh	WIRED	-	-	-
test_gate_pl_a_run_time_compile_indexes_the_root_cells_through_the_roots_registry.sh	WIRED	-	-	-
test_gate_pl_a_shift_outside_the_int64_window_is_computed_not_wrapped.sh	WIRED	-	-	-
test_gate_pl_a_static_call_jumps_to_its_callee_directly_and_a_last_call_stages_from_the_slot.sh	WIRED	-	-	-
test_gate_pl_a_syntax_error_costs_its_own_clause_and_not_the_file.sh	WIRED	-	-	-
test_gate_pl_a_text_stream_reads_characters_not_bytes.sh	WIRED	-	-	-
test_gate_pl_a_thousand_asserted_clauses_cost_a_thousand_clause_compilations_not_a_million.sh	WIRED	-	-	-
test_gate_pl_a_thrown_ball_never_redoes_a_builtin_generator.sh	WIRED	-	-	-
test_gate_pl_a_traced_run_answers_as_the_untraced_run_in_both_modes.sh	WIRED	-	-	-
test_gate_pl_a_write_to_a_binary_current_output_raises_permission_error.sh	WIRED	-	-	-
test_gate_pl_a_zero_arity_term_is_the_atom_in_both_modes.sh	WIRED	-	-	-
test_gate_pl_allsol_goal_is_validated.sh	WIRED	-	-	-
test_gate_pl_an_asserted_atom_survives_a_collection.sh	WIRED	-	-	-
test_gate_pl_an_initialization_goal_may_contain_a_variable.sh	WIRED	-	-	-
test_gate_pl_an_int64_overflow_promotes_to_the_bignum_core_instead_of_raising.sh	WIRED	-	-	-
test_gate_pl_an_opaque_goal_barrier_releases_the_frame_its_goal_carved.sh	WIRED	-	-	-
test_gate_pl_an_operator_atom_operand_is_bracketed.sh	WIRED	-	-	-
test_gate_pl_an_unbounded_integer_is_an_integer_to_arg_functor_and_format.sh	WIRED	-	-	-
test_gate_pl_an_uncaught_error_holding_a_float_is_reported_not_a_crash.sh	WIRED	-	-	-
test_gate_pl_an_unknown_stream_alias_throws_and_never_dies_silently.sh	WIRED	-	-	-
test_gate_pl_arith_iso_errors_are_catchable.sh	WIRED	-	-	-
test_gate_pl_atom_concat_modes.sh	WIRED	-	-	-
test_gate_pl_atom_name_survives_a_collect_mid_operation.sh	WIRED	-	-	-
test_gate_pl_atom_number_iso_errors.sh	WIRED	-	-	-
test_gate_pl_backslash_c_layout_escape_agrees_with_the_oracle.sh	WIRED	-	-	-
test_gate_pl_bagof_setof_grouping.sh	WIRED	-	-	-
test_gate_pl_big_integer_multiplication_is_exact_at_every_size.sh	WIRED	-	-	-
test_gate_pl_bom_is_written_detected_and_reported.sh	WIRED	-	-	-
test_gate_pl_clause_2_reads_static_code_on_every_road_and_obeys_the_iso_and_protect_flags.sh	WIRED	-	-	-
test_gate_pl_clause_2_sees_the_clauses_of_its_call.sh	WIRED	-	-	-
test_gate_pl_compiled_tables_refuse_a_mismatch.sh	WIRED	-	-	-
test_gate_pl_consult_loads_a_file_of_clauses_directives_and_initialization_goals.sh	WIRED	-	-	-
test_gate_pl_consult_loads_the_named_file.sh	WIRED	-	-	-
test_gate_pl_copy_term_terminates_on_a_rational_tree.sh	WIRED	-	-	-
test_gate_pl_ctx_leaf_thunks_cannot_drop_a_ball.sh	WIRED	-	-	-
test_gate_pl_current_op_enumerates_newest_first_over_the_table_of_its_call.sh	WIRED	-	-	-
test_gate_pl_cyclic_terms_every_walker_terminates_and_writes_as_swipl_does.sh	WIRED	-	-	-
test_gate_pl_cyclic_terms_unify_compare_copy_and_survive_a_collection_as_swipl_does.sh	WIRED	-	-	-
test_gate_pl_findall_4_serves_a_bound_tail_and_an_unbound_one.sh	WIRED	-	-	-
test_gate_pl_format_column_fill_is_a_character_not_a_byte.sh	WIRED	-	-	-
test_gate_pl_gnu_all_solutions_dec10_io_for_and_name_answer_as_gprolog.sh	WIRED	-	-	-
test_gate_pl_gnu_dialect_value_builtins_answer_as_gnu_prolog.sh	WIRED	-	-	-
test_gate_pl_gnu_global_variables_answer_as_gprolog_and_b_setval_links_as_swipl.sh	WIRED	-	-	-
test_gate_pl_gz6b.sh	WIRED	-	-	-
test_gate_pl_ieee_float_flags_and_ceil_lgamma_powm_answer_as_swipl.sh	WIRED	-	-	-
test_gate_pl_include_splices_in_place_and_ensure_loaded_loads_once.sh	WIRED	-	-	-
test_gate_pl_integer_division_floors_and_int64_overflow_promotes.sh	WIRED	-	-	-
test_gate_pl_iso_rung1_database_builtins_and_call_local_cut.sh	WIRED	-	-	-
test_gate_pl_iso_rung2_runtime_heads_and_meta_call_wrappers.sh	WIRED	-	-	-
test_gate_pl_iso_rung3_current_predicate_generator_and_halt_type_checks.sh	WIRED	-	-	-
test_gate_pl_iso_rung4_run_time_meta_call_of_builtins_through_compiled_wrappers.sh	WIRED	-	-	-
test_gate_pl_iso_rung5_body_conversion_of_a_run_time_goal_list_guard_and_declared_empty_predicates.sh	WIRED	-	-	-
test_gate_pl_iso_rung6_the_soft_cut_if_3_predicate.sh	WIRED	-	-	-
test_gate_pl_iso_rung7_a_cut_inside_a_findall_bagof_setof_goal_has_its_own_barrier.sh	WIRED	-	-	-
test_gate_pl_iso_rung8_an_unbounded_integer_literal_reads_writes_and_computes.sh	WIRED	-	-	-
test_gate_pl_max_arity_is_the_functor_tables_int_bound.sh	WIRED	-	-	-
test_gate_pl_max_integer_is_not_an_evaluable_functor.sh	WIRED	-	-	-
test_gate_pl_max_integer_min_integer_absent_when_bounded_is_false.sh	WIRED	-	-	-
test_gate_pl_meta_call_reaches_control_constructs.sh	WIRED	-	-	-
test_gate_pl_meta_wrapper_does_not_break_m4_declarations.sh	WIRED	-	-	-
test_gate_pl_mode_4_startup_registers_a_predicate_in_one_lookup_not_ten.sh	WIRED	-	-	-
test_gate_pl_monitor_dynamic_and_asserted_predicates_are_no_events.sh	WIRED	-	-	-
test_gate_pl_multifile_initialization_runs_every_file.sh	WIRED	-	-	-
test_gate_pl_no_new_global.sh	WIRED	-	-	-
test_gate_pl_no_value_stack.sh	WIRED	-	-	-
test_gate_pl_number_syntax_iso.sh	WIRED	-	-	-
test_gate_pl_only_tree_t_crosses_parser_to_lower.sh	WIRED	-	-	-
test_gate_pl_port_trace_oracle_diff.sh	WIRED	-	-	-
test_gate_pl_portray_reaches_every_subterm_of_print_and_write_term.sh	WIRED	-	-	-
test_gate_pl_predicate_property_of_a_head_known_only_at_run_time_asks_the_registry.sh	WIRED	-	-	-
test_gate_pl_print_1_honours_portray_and_costs_nothing_without_it.sh	WIRED	-	-	-
test_gate_pl_quad_regs.sh	WIRED	-	-	-
test_gate_pl_raising_directive_does_not_abort_the_load.sh	WIRED	-	-	-
test_gate_pl_read_raises_catchable_syntax_error.sh	WIRED	-	-	-
test_gate_pl_read_term_syntax_error_option_answers_as_the_oracles.sh	WIRED	-	-	-
test_gate_pl_set_stream_position_round_trips_and_refuses.sh	WIRED	-	-	-
test_gate_pl_sort_4_answers_as_swipl.sh	WIRED	-	-	-
test_gate_pl_stream_arg_errors_are_catchable.sh	WIRED	-	-	-
test_gate_pl_stream_property_sees_the_standard_streams_before_any_file_operation.sh	WIRED	-	-	-
test_gate_pl_sub_atom_with_two_bound_numbers_computes_its_one_slice.sh	WIRED	-	-	-
test_gate_pl_swi_every_shipped_case_is_graded_by_path.sh	WIRED	-	-	-
test_gate_pl_swi_shim_runs_a_forall_test_per_instance.sh	WIRED	-	-	-
test_gate_pl_tabling_phase_1_answers_as_swipl.sh	WIRED	-	-	-
test_gate_pl_term_inspection_iso_errors.sh	WIRED	-	-	-
test_gate_pl_the_activation_frame_is_carved_and_released_by_the_emitted_prologue.sh	WIRED	-	-	-
test_gate_pl_the_colon_operator_is_600_xfy.sh	WIRED	-	-	-
test_gate_pl_the_debug_topic_family_answers_as_swipl.sh	WIRED	-	-	-
test_gate_pl_the_general_unifier_is_one_asm_leaf_on_the_spine_not_a_c_road.sh	WIRED	-	-	-
test_gate_pl_the_generator_road_takes_the_emitted_context_from_the_veneer_not_live_registers.sh	WIRED	-	-	-
test_gate_pl_the_gnu_file_and_os_builtins_answer_as_gnu_prolog.sh	WIRED	-	-	-
test_gate_pl_the_iso_flag_makes_reads_strict_and_integer_division_a_float.sh	WIRED	-	-	-
test_gate_pl_the_neck_atom_before_an_adjacent_paren_is_functional_notation.sh	WIRED	-	-	-
test_gate_pl_the_prelude_sees_every_clause_of_the_program.sh	WIRED	-	-	-
test_gate_pl_the_query_neck_reads_as_an_atom_and_a_prefix_operator.sh	WIRED	-	-	-
test_gate_pl_trail_mechanism.sh	WIRED	-	-	-
test_gate_pl_two_variables_compare_one_way_only.sh	WIRED	-	-	-
test_gate_pl_wall_us_arity1.sh	WIRED	-	-	-
test_gate_pl_wildcard_match_answers_as_swipl.sh	WIRED	-	-	-
test_gate_pl_write_1_never_silently_drops_a_term_shape.sh	WIRED	-	-	-
test_gate_pl_xfail_marker_consistent.sh	WIRED	-	-	-
test_gate_postoffice_identity.sh	WIRED	-	-	-
test_gate_pre_commit_refuses_a_conflict_marker.sh	WIRED	-	-	-
test_gate_preflight_arms_stay_cheap.sh	WIRED	-	-	-
test_gate_progress_append_fingerprints_the_graded_binary.sh	WIRED	-	-	-
test_gate_progress_append_writes_a_row.sh	WIRED	-	-	-
test_gate_progress_configuration_declarations_do_not_regress.sh	WIRED	-	-	-
test_gate_progress_flips_a_program_that_stops_being_graded_went_dark.sh	WIRED	-	-	-
test_gate_progress_flips_a_superseded_undeclared_series_is_not_a_loss.sh	WIRED	-	-	-
test_gate_progress_readers_stream_and_answer_the_same.sh	WIRED	-	-	-
test_gate_progress_records_the_configuration_it_exercised.sh	WIRED	-	-	-
test_gate_progress_rows_carry_the_start_fingerprint.sh	WIRED	-	-	-
test_gate_progress_writer_knows_every_verdict_a_runner_emits.sh	WIRED	-	-	-
test_gate_prolog_bench_runner_holds_the_ref_on_every_angle.sh	WIRED	-	-	-
test_gate_prolog_dynamic_predicate_with_file_clauses.sh	WIRED	-	-	-
test_gate_queue_census_names_the_sweep_rows.sh	WIRED	-	-	-
test_gate_queue_census_placeholder_arm.sh	WIRED	-	-	-
test_gate_raku_a_bare_whatever_is_a_value_and_pick_head_and_tail_take_it.sh	WIRED	-	-	-
test_gate_raku_a_block_passed_to_a_synchronous_builtin_reads_its_enclosing_subs_locals_through_a_reference.sh	WIRED	-	-	-
test_gate_raku_a_code_parameter_is_callable_and_the_test_module_judges_blocks_and_matches.sh	WIRED	-	-	-
test_gate_raku_a_code_variable_call_keeps_the_global_base_in_r9.sh	WIRED	-	-	-
test_gate_raku_a_named_sub_nested_in_a_sub_reads_and_writes_the_enclosing_locals_through_a_reference.sh	WIRED	-	-	-
test_gate_raku_a_scalar_gist_and_the_str_of_every_aggregate_and_object_and_put_agree_with_rakudo.sh	WIRED	-	-	-
test_gate_raku_a_sort_comparator_is_an_emitted_merge_sort_not_a_c_to_bb_entry.sh	WIRED	-	-	-
test_gate_raku_a_tail_call_through_a_builtin_is_entered_by_the_box.sh	WIRED	-	-	-
test_gate_raku_aggregates_are_typed_storage.sh	WIRED	-	-	-
test_gate_raku_an_array_subscript_slices_by_an_array_of_indexes_as_rakudo_does.sh	WIRED	-	-	-
test_gate_raku_an_exception_is_a_value_that_die_carries_and_catch_and_throws_like_read.sh	WIRED	-	-	-
test_gate_raku_array_push_is_amortised_constant_and_keeps_its_aliasing.sh	WIRED	-	-	-
test_gate_raku_builtin_gaps_and_is_run_agree_with_rakudo.sh	WIRED	-	-	-
test_gate_raku_eval_compiles_a_string_in_process_in_both_modes.sh	WIRED	-	-	-
test_gate_raku_gather_and_take_collect_what_the_body_takes_as_rakudos_do.sh	WIRED	-	-	-
test_gate_raku_io_path_and_handle_are_typed_values_as_rakudo_has_them.sh	WIRED	-	-	-
test_gate_raku_map_keeps_each_result_as_an_item_and_a_brace_of_pairs_using_the_topic_is_a_block.sh	WIRED	-	-	-
test_gate_raku_match_is_a_typed_value_as_rakudo_has_it.sh	WIRED	-	-	-
test_gate_raku_nested_and_anonymous_classes_and_the_operator_references_agree_with_rakudo.sh	WIRED	-	-	-
test_gate_raku_paren_call_passes_its_arguments.sh	WIRED	-	-	-
test_gate_raku_parse_census_measures_over_a_printed_denominator.sh	WIRED	-	-	-
test_gate_raku_placeholders_in_a_sub_and_a_for_body_a_comma_list_as_the_last_statement_or_return_value_and_sort_with_a_leading_block_agree_with_rakudo.sh	WIRED	-	-	-
test_gate_raku_port_trace.sh	WIRED	-	-	-
test_gate_raku_predeclared_names_agree_with_rakudo.sh	WIRED	-	-	-
test_gate_raku_reversed_meta_operator_agrees_with_rakudo.sh	WIRED	-	-	-
test_gate_raku_roast_ablation_ranker.sh	WIRED	-	-	-
test_gate_raku_roast_bucket_names_the_stage_the_file_died_in.sh	WIRED	-	-	-
test_gate_raku_roast_runner_leaves_the_checkout_clean.sh	WIRED	-	-	-
test_gate_raku_set_bag_mix_are_typed_values_as_rakudo_has_them.sh	WIRED	-	-	-
test_gate_raku_string_zero_is_true_and_the_string_function_forms_agree_with_rakudo.sh	WIRED	-	-	-
test_gate_raku_the_activation_frame_is_carved_and_released_by_the_emitted_prologue.sh	WIRED	-	-	-
test_gate_raku_the_bare_dispatcher_words_samewith_and_the_implicit_at_underscore_of_anonymous_routines_agree_with_rakudo.sh	WIRED	-	-	-
test_gate_raku_the_bare_dollar_and_the_item_and_hash_contextualizers_agree_with_rakudo.sh	WIRED	-	-	-
test_gate_raku_the_dynamic_variables_distro_kernel_vm_raku_and_compiler_objects_and_a_twigil_variable_in_a_string_agree_with_rakudo.sh	WIRED	-	-	-
test_gate_raku_the_function_forms_list_item_append_prepend_gist_head_tail_pick_unique_repeated_reduce_rotate_agree_with_rakudo.sh	WIRED	-	-	-
test_gate_raku_the_hyper_operators_binary_and_prefix_agree_with_rakudo.sh	WIRED	-	-	-
test_gate_raku_the_infix_operators_the_front_end_names_have_a_runtime_as_rakudos_do.sh	WIRED	-	-	-
test_gate_raku_the_loose_logical_operators_and_or_xor_andthen_orelse_notandthen_agree_with_rakudo.sh	WIRED	-	-	-
test_gate_raku_the_math_and_list_routines_answer_in_function_form_as_rakudos_do.sh	WIRED	-	-	-
test_gate_raku_the_negation_zip_and_cross_metaoperators_destructuring_loops_and_the_right_shift_agree_with_rakudo.sh	WIRED	-	-	-
test_gate_raku_the_reduce_operators_every_infix_chaining_and_right_associative_agree_with_rakudo.sh	WIRED	-	-	-
test_gate_raku_the_test_module_exits_as_rakudos_does_when_the_plan_is_not_met_or_a_test_fails.sh	WIRED	-	-	-
test_gate_raku_the_universal_methods_of_a_user_object_chr_ord_chrs_bool_as_int_and_a_type_objects_falsity_agree_with_rakudo.sh	WIRED	-	-	-
test_gate_raku_unicode_lexemes.sh	WIRED	-	-	-
test_gate_raku_whatevercode_curries_as_rakudo_does.sh	WIRED	-	-	-
test_gate_rc8a_gc_coverage.sh	WIRED	-	-	-
test_gate_readme_grid_cell_is_a_multiple_not_the_ratio.sh	WIRED	-	-	-
test_gate_readme_suite_table_matches_suites_tsv.sh	WIRED	-	-	-
test_gate_reb_port_trace.sh	WIRED	-	-	-
test_gate_rebus_bench_runner_holds_the_ref_on_every_angle.sh	WIRED	-	-	-
test_gate_rebus_derived_refs_match_their_rival_oracle.sh	WIRED	-	-	-
test_gate_ref_cutters_refuse_a_dead_oracle.sh	WIRED	-	-	-
test_gate_right_sealed_defer_beta_no_double_teardown.sh	WIRED	-	-	-
test_gate_rtcc_claimed_regs.sh	WIRED	-	-	-
test_gate_rtx_calls_carry_no_veneer.sh	WIRED	-	-	-
test_gate_rtx_entries_keep_the_rtcc_four.sh	WIRED	-	-	-
test_gate_rtx_every_leaf_carries_cfi_true_at_every_pc.sh	WIRED	-	-	-
test_gate_rtx_the_leaf_clobber_table_is_derived_and_gated_against_the_objects.sh	WIRED	-	-	-
test_gate_rungs_banner_seq_is_position.sh	WIRED	-	-	-
test_gate_rungs_boards_publish_xpass.sh	WIRED	-	-	-
test_gate_rungs_builder_reindex_only.sh	WIRED	-	-	-
test_gate_rungs_companions_resolve.sh	WIRED	-	-	-
test_gate_rungs_order_is_the_builders_order.sh	WIRED	-	-	-
test_gate_rungs_sidecars_cover_stdin_and_argv.sh	WIRED	-	-	-
test_gate_rungs_suite_builder_contract.sh	WIRED	-	-	-
test_gate_runners_refuse_on_a_stale_binary.sh	WIRED	-	-	-
test_gate_runtime_a_fault_nobody_claims_names_its_class.sh	WIRED	-	-	-
test_gate_runtime_trampolines_enter_generated_code_16_byte_aligned.sh	WIRED	-	-	-
test_gate_s4e_assign_refuses_an_unrunnable_done_when.sh	WIRED	-	-	-
test_gate_s4e_done_rows_carry_a_computed_receipt.sh	WIRED	-	-	-
test_gate_s4e_done_timeout_is_a_refusal.sh	WIRED	-	-	-
test_gate_s4e_donewhen_refuses_when_compiler_absent.sh	WIRED	-	-	-
test_gate_s4e_donewhen_runs_the_whole_criterion.sh	WIRED	-	-	-
test_gate_s4e_next_any_lane_fallback_closes_under_tenet.sh	WIRED	-	-	-
test_gate_s4e_next_any_lane_fallback_refuses_a_seat_with_no_language.sh	WIRED	-	-	-
test_gate_s4e_next_honours_owner.sh	WIRED	-	-	-
test_gate_s4e_next_locks_a_promoted_blocker_only_in_its_own_lane.sh	WIRED	-	-	-
test_gate_s4e_next_rank_cap_for_seats.sh	WIRED	-	-	-
test_gate_s4e_next_refuses_a_parked_language_under_the_order_of_work.sh	WIRED	-	-	-
test_gate_s4e_next_refuses_hq_under_ceo_mode.sh	WIRED	-	-	-
test_gate_s4e_next_tiebreak_by_mint_time.sh	WIRED	-	-	-
test_gate_s4e_picker_v2.sh	WIRED	-	-	-
test_gate_s4e_unclaim_keeps_park.sh	WIRED	-	-	-
test_gate_s_artifact_drift_ignores_the_build_path.sh	WIRED	-	-	-
test_gate_same_suite_ref_agreement.sh	WIRED	-	-	-
test_gate_sc_duplicate_label_is_refused_at_parse.sh	WIRED	-	-	-
test_gate_sc_port_trace.sh	WIRED	-	-	-
test_gate_score_column_semantics.sh	WIRED	-	-	-
test_gate_score_inventory_clauses_never_vanish.sh	WIRED	-	-	-
test_gate_score_md_parses_and_github_is_marker_free.sh	WIRED	-	-	-
test_gate_score_row_criterion_change_is_stamped.sh	WIRED	-	-	-
test_gate_score_row_denominator_includes_xfails.sh	WIRED	-	-	-
test_gate_score_row_fold_marker_names_the_superseded_stamp.sh	WIRED	-	-	-
test_gate_score_row_only_the_one_runner_writes.sh	WIRED	-	-	-
test_gate_score_row_rewrites_in_place.sh	WIRED	-	-	-
test_gate_score_row_stamps_the_tree_it_graded.sh	WIRED	-	-	-
test_gate_score_row_text_splices_are_assigned.sh	WIRED	-	-	-
test_gate_score_row_write_lands_display_and_grid_or_neither.sh	WIRED	-	-	-
test_gate_score_row_write_names_the_lane_owner_from_mode.sh	WIRED	-	-	-
test_gate_score_tables_agree.sh	WIRED	-	-	-
test_gate_score_unreadable_package_is_marked.sh	WIRED	-	-	-
test_gate_scrip_sizes_the_heap_with_d_and_i.sh	WIRED	-	-	-
test_gate_scrip_switches_are_spitbols.sh	WIRED	-	-	-
test_gate_scriptix_a_call_into_the_icon_section_returns_with_the_callers_r12.sh	WIRED	-	-	-
test_gate_scriptix_a_snocone_and_a_pascal_fence_compile_through_their_own_frontends.sh	WIRED	-	-	-
test_gate_seat_identity_one_map.sh	WIRED	-	-	-
test_gate_send_prose_requires_stdin.sh	WIRED	-	-	-
test_gate_setexit_handler_return_resumes_the_raising_activation.sh	WIRED	-	-	-
test_gate_shared_builtin_id_table_is_self_consistent.sh	WIRED	-	-	-
test_gate_sm_dead.sh	WIRED	-	-	-
test_gate_sn4_call_scope_rides_the_strict_field_not_an_opcode_flip.sh	WIRED	-	-	-
test_gate_sn4_replacement_releases_its_post_match_spine.sh	WIRED	-	-	-
test_gate_snc_a_label_at_end_of_file_is_a_statement.sh	WIRED	-	-	-
test_gate_snc_two_nreturn_functions_link_in_m4.sh	WIRED	-	-	-
test_gate_sno_a_bare_fence_as_an_alternation_arm_matches_null_and_seals_its_backtrack.sh	WIRED	-	-	-
test_gate_sno_a_bare_fence_in_a_pattern_thunk_releases_the_cells_to_its_left.sh	WIRED	-	-	-
test_gate_sno_a_builtin_called_short_or_over_its_arity_pads_with_null_and_drops_extras.sh	WIRED	-	-	-
test_gate_sno_a_builtin_integer_argument_that_is_not_an_integer_is_the_spitbol_fatal_error.sh	WIRED	-	-	-
test_gate_sno_a_by_name_call_survives_collect.sh	WIRED	-	-	-
test_gate_sno_a_call_saves_binds_and_restores_an_io_associated_name_without_io.sh	WIRED	-	-	-
test_gate_sno_a_call_through_an_opsyn_alias_is_the_functions_own_call.sh	WIRED	-	-	-
test_gate_sno_a_capture_over_an_alternation_whose_arms_each_capture_reads_its_own_save_cell.sh	WIRED	-	-	-
test_gate_sno_a_capture_over_succeed_or_a_bare_fence_reads_its_own_saved_cursor.sh	WIRED	-	-	-
test_gate_sno_a_capture_slices_the_subject_and_table_convert_mkpat_take_the_direct_table.sh	WIRED	-	-	-
test_gate_sno_a_captured_deferred_pattern_resumes_at_its_tail.sh	WIRED	-	-	-
test_gate_sno_a_captured_number_is_numeric_in_every_coercion_path.sh	WIRED	-	-	-
test_gate_sno_a_continuation_after_a_label_only_line_continues_that_statement.sh	WIRED	-	-	-
test_gate_sno_a_data_field_access_takes_one_lookup_and_a_field_store_allocates_nothing.sh	WIRED	-	-	-
test_gate_sno_a_deferred_any_or_notany_asks_the_runtime_for_membership_and_holds_no_stack_slot.sh	WIRED	-	-	-
test_gate_sno_a_deferred_call_capture_finds_its_procedure_once.sh	WIRED	-	-	-
test_gate_sno_a_deferred_cset_argument_that_evaluates_to_null_or_a_pattern_raises_spitbols_error.sh	WIRED	-	-	-
test_gate_sno_a_deferred_name_call_in_a_wide_alternation_survives_the_switch.sh	WIRED	-	-	-
test_gate_sno_a_define_call_on_a_default_build_never_enters_the_trace_layer.sh	WIRED	-	-	-
test_gate_sno_a_define_inside_a_code_fragment_defines_the_function.sh	WIRED	-	-	-
test_gate_sno_a_define_used_as_a_value_rebinds_the_function_as_a_statement_define_does.sh	WIRED	-	-	-
test_gate_sno_a_distinct_eval_text_leaves_no_residue_once_its_chain_is_released.sh	WIRED	-	-	-
test_gate_sno_a_dynamic_function_called_from_a_code_built_function_returns_its_value.sh	WIRED	-	-	-
test_gate_sno_a_failed_unary_minus_or_plus_takes_its_boxs_failure_exit.sh	WIRED	-	-	-
test_gate_sno_a_fence_after_a_live_deferred_thunk_finds_its_own_slots.sh	WIRED	-	-	-
test_gate_sno_a_fence_backtracked_into_drops_its_bodys_conditional_captures.sh	WIRED	-	-	-
test_gate_sno_a_fence_before_a_run_or_inside_an_arbno_body_retries_what_follows_it.sh	WIRED	-	-	-
test_gate_sno_a_fence_inside_a_match_keeps_its_state_in_the_match_frame.sh	WIRED	-	-	-
test_gate_sno_a_fence_or_abort_backtracked_into_fails_the_whole_match.sh	WIRED	-	-	-
test_gate_sno_a_field_function_call_takes_the_name_entry.sh	WIRED	-	-	-
test_gate_sno_a_goto_field_takes_a_blank_before_its_paren_and_refuses_an_empty_field.sh	WIRED	-	-	-
test_gate_sno_a_label_hook_on_a_failure_edge_rides_the_spine.sh	WIRED	-	-	-
test_gate_sno_a_match_inside_eval_that_fails_after_a_backtrack_point_returns_from_its_chain.sh	WIRED	-	-	-
test_gate_sno_a_match_subject_that_is_not_a_string_is_error_241.sh	WIRED	-	-	-
test_gate_sno_a_misplaced_continuation_line_is_error_214_and_testpgms_grades_a_compile_refusal.sh	WIRED	-	-	-
test_gate_sno_a_real_converts_to_text_and_exponentiates_by_spitbols_own_routines.sh	WIRED	-	-	-
test_gate_sno_a_real_that_overflows_is_not_a_value.sh	WIRED	-	-	-
test_gate_sno_a_return_trace_function_sees_the_returning_functions_names_still_bound.sh	WIRED	-	-	-
test_gate_sno_a_runtime_error_sbl_raises_is_raised_by_number_in_both_modes.sh	WIRED	-	-	-
test_gate_sno_a_setexit_trap_enters_its_handler_on_the_statements_failure_path_without_nesting.sh	WIRED	-	-	-
test_gate_sno_a_setexit_trap_runs_for_an_error_raised_inside_a_match_evaluation.sh	WIRED	-	-	-
test_gate_sno_a_stale_nreturn_mark_never_reaches_the_next_call.sh	WIRED	-	-	-
test_gate_sno_a_statement_level_query_takes_a_concatenated_subject_and_chains_left_to_right.sh	WIRED	-	-	-
test_gate_sno_a_stored_fenced_pattern_retries_an_alternation_that_an_operand_follows.sh	WIRED	-	-	-
test_gate_sno_a_stored_pattern_with_a_fence_is_reentered_at_its_rightmost_segment.sh	WIRED	-	-	-
test_gate_sno_a_table_keyed_by_a_name_finds_it_through_any_name_of_that_variable.sh	WIRED	-	-	-
test_gate_sno_a_traced_call_keeps_its_procedure_and_its_value_across_a_collection.sh	WIRED	-	-	-
test_gate_sno_a_unary_and_a_binary_opsyn_of_one_operator_are_two_functions.sh	WIRED	-	-	-
test_gate_sno_a_value_list_in_a_function_with_a_local_yields_its_arm.sh	WIRED	-	-	-
test_gate_sno_a_variable_name_is_a_counted_string_and_a_nul_byte_is_part_of_it.sh	WIRED	-	-	-
test_gate_sno_an_abort_inside_a_pattern_thunk_fails_the_match_without_a_crash.sh	WIRED	-	-	-
test_gate_sno_an_argument_evaluated_before_a_match_in_a_later_argument_reads_its_own_slot.sh	WIRED	-	-	-
test_gate_sno_an_array_element_read_or_store_allocates_nothing.sh	WIRED	-	-	-
test_gate_sno_an_assignment_whose_value_is_a_match_assigns_and_returns_the_matched_substring.sh	WIRED	-	-	-
test_gate_sno_an_element_after_a_fence_inside_an_arbno_body_backs_into_the_fence.sh	WIRED	-	-	-
test_gate_sno_an_error_inside_eval_of_a_string_fails_the_eval_and_counts_against_errlimit.sh	WIRED	-	-	-
test_gate_sno_an_error_inside_eval_publishes_its_own_text.sh	WIRED	-	-	-
test_gate_sno_an_error_while_an_unevaluated_expression_is_evaluated_fails_the_innermost_statement.sh	WIRED	-	-	-
test_gate_sno_an_immediate_assignment_to_a_global_stores_into_its_gva_cell.sh	WIRED	-	-	-
test_gate_sno_an_integer_string_operand_takes_the_integer_fast_path.sh	WIRED	-	-	-
test_gate_sno_an_operand_pushed_before_a_match_is_read_after_its_frame_is_whacked.sh	WIRED	-	-	-
test_gate_sno_an_opsyn_operator_whose_function_freturns_fails.sh	WIRED	-	-	-
test_gate_sno_an_output_associated_variable_keeps_the_value_it_was_assigned.sh	WIRED	-	-	-
test_gate_sno_any_notany_span_break_breakx_of_the_null_string_or_a_pattern_raise_spitbols_error.sh	WIRED	-	-	-
test_gate_sno_arbno_literal_body_then_fence_terminates.sh	WIRED	-	-	-
test_gate_sno_arg_names_only_a_functions_formals.sh	WIRED	-	-	-
test_gate_sno_backtracking_into_fence_of_p_retreats_to_its_left.sh	WIRED	-	-	-
test_gate_sno_by_name_paths_find_once_dollar_apply_eval.sh	WIRED	-	-	-
test_gate_sno_byname_goto_zeta_unwind_in_a_loop.sh	WIRED	-	-	-
test_gate_sno_captured_substring_compares_by_its_own_length.sh	WIRED	-	-	-
test_gate_sno_chain_entry_establishes_the_pend_top_cold_and_preserves_it_mid_match.sh	WIRED	-	-	-
test_gate_sno_code_compiled_call_to_a_function_defined_at_run_time_takes_the_open_road.sh	WIRED	-	-	-
test_gate_sno_code_of_text_that_does_not_compile_raises_spitbols_compile_error.sh	WIRED	-	-	-
test_gate_sno_code_statements_are_numbered_after_every_statement_compiled_before_them.sh	WIRED	-	-	-
test_gate_sno_concatenating_an_array_table_or_data_value_with_a_nonnull_operand_is_error_8_or_9.sh	WIRED	-	-	-
test_gate_sno_convert_of_a_matched_substring_is_that_substring.sh	WIRED	-	-	-
test_gate_sno_convert_reads_a_numeric_string_as_spitbol_gtnum_does.sh	WIRED	-	-	-
test_gate_sno_convert_takes_its_datatype_name_exactly_as_spitbol_does.sh	WIRED	-	-	-
test_gate_sno_cset_from_a_string_view_uses_its_length.sh	WIRED	-	-	-
test_gate_sno_data_type_named_list_is_a_record.sh	WIRED	-	-	-
test_gate_sno_deferred_capture_keeps_the_name_save_stack_balanced.sh	WIRED	-	-	-
test_gate_sno_deferred_goto_from_match_inside_define.sh	WIRED	-	-	-
test_gate_sno_deferred_pattern_primitive_arg.sh	WIRED	-	-	-
test_gate_sno_deferred_replacement_keeps_its_capture_mark.sh	WIRED	-	-	-
test_gate_sno_define_entry_label_rebinds_at_runtime.sh	WIRED	-	-	-
test_gate_sno_dump_matches_spitbol.sh	WIRED	-	-	-
test_gate_sno_error_voice_statement_number_from_a_code_map_no_per_statement_store.sh	WIRED	-	-	-
test_gate_sno_errtype_and_errtext_are_set_before_a_fatal_error_exits.sh	WIRED	-	-	-
test_gate_sno_eval_chains_nothing_references_are_reclaimed_and_a_full_code_pool_is_loud.sh	WIRED	-	-	-
test_gate_sno_eval_fails_when_its_expression_fails.sh	WIRED	-	-	-
test_gate_sno_eval_of_a_converted_expression_keeps_the_replacement_pointer.sh	WIRED	-	-	-
test_gate_sno_eval_of_a_string_opens_its_chain_from_the_box_and_lands_with_no_c_frame.sh	WIRED	-	-	-
test_gate_sno_eval_of_an_unevaluated_expression_is_no_function_level.sh	WIRED	-	-	-
test_gate_sno_eval_of_text_that_does_not_compile_raises_spitbols_syntax_error.sh	WIRED	-	-	-
test_gate_sno_every_real_overflow_in_the_family_raises.sh	WIRED	-	-	-
test_gate_sno_every_unused_operator_opsyn_names_calls_its_function.sh	WIRED	-	-	-
test_gate_sno_every_variable_keeps_its_own_standard_stream_association.sh	WIRED	-	-	-
test_gate_sno_fence_body_dynamic_operand.sh	WIRED	-	-	-
test_gate_sno_field_function_with_no_argument_raises_041_not_022.sh	WIRED	-	-	-
test_gate_sno_flush_runs_the_recorded_conditional_assignments_then_cuts.sh	WIRED	-	-	-
test_gate_sno_fnclevel_is_mirrored_at_every_level_move_not_only_in_the_gva_shim.sh	WIRED	-	-	-
test_gate_sno_frameless_thunk_carries_its_head_and_lands_omega_at_depth_zero.sh	WIRED	-	-	-
test_gate_sno_goto_with_no_preceding_error.sh	WIRED	-	-	-
test_gate_sno_host_1_runs_the_command_and_returns_its_wait_status.sh	WIRED	-	-	-
test_gate_sno_host_minus_one_answers_the_memory_statistics.sh	WIRED	-	-	-
test_gate_sno_ident_and_the_fused_table_store_take_the_asm_entries.sh	WIRED	-	-	-
test_gate_sno_input_honours_the_f_and_l_file_options.sh	WIRED	-	-	-
test_gate_sno_input_keeps_the_last_record_it_read.sh	WIRED	-	-	-
test_gate_sno_io_assoc_channel_and_filespec.sh	WIRED	-	-	-
test_gate_sno_keyword_spelling_is_case_sensitive.sh	WIRED	-	-	-
test_gate_sno_lastno_after_a_return_is_the_returning_functions_statement.sh	WIRED	-	-	-
test_gate_sno_lastno_updates_on_every_plain_statement.sh	WIRED	-	-	-
test_gate_sno_leaf_builtins_dispatch_directly.sh	WIRED	-	-	-
test_gate_sno_lex_compare_binary_safe.sh	WIRED	-	-	-
test_gate_sno_match_operator_composes_in_value_position.sh	WIRED	-	-	-
test_gate_sno_match_region_watermark_is_spent_on_every_exit_edge.sh	WIRED	-	-	-
test_gate_sno_mode4_code_call_inherits_the_scc_taint.sh	WIRED	-	-	-
test_gate_sno_one_parser_one_dialect_refuses_what_sbl_refuses.sh	WIRED	-	-	-
test_gate_sno_ord_reads_the_first_character_and_fails_only_on_null.sh	WIRED	-	-	-
test_gate_sno_package_runners_append_progress_rows.sh	WIRED	-	-	-
test_gate_sno_parser_refuses_at_compile_time_what_spitbol_refuses.sh	WIRED	-	-	-
test_gate_sno_pattern_concatenation_with_null_preserves_identity.sh	WIRED	-	-	-
test_gate_sno_pattern_position_expression.sh	WIRED	-	-	-
test_gate_sno_port_trace_oracle_diff.sh	WIRED	-	-	-
test_gate_sno_pos_rpos_dynamic_operand.sh	WIRED	-	-	-
test_gate_sno_real_literal_overflow_is_a_parse_error.sh	WIRED	-	-	-
test_gate_sno_real_zero_over_zero_is_real_zero_as_in_spitbol.sh	WIRED	-	-	-
test_gate_sno_recede_free_stored_pattern_runs_on_the_rsp_spine.sh	WIRED	-	-	-
test_gate_sno_repl_lvalue_subject.sh	WIRED	-	-	-
test_gate_sno_rewind_on_an_unopened_unit_raises_174.sh	WIRED	-	-	-
test_gate_sno_rtntype_is_set_by_an_asm_leaf.sh	WIRED	-	-	-
test_gate_sno_runtime_define.sh	WIRED	-	-	-
test_gate_sno_set_positions_a_file_as_spitbol_does.sh	WIRED	-	-	-
test_gate_sno_setexit_resume_matches_oracle.sh	WIRED	-	-	-
test_gate_sno_sort_and_rsort_answer_as_spitbol_does.sh	WIRED	-	-	-
test_gate_sno_statement_mark_mode_releases_the_hook_residue_before_the_statement.sh	WIRED	-	-	-
test_gate_sno_stcount_counts_statements_inside_code_fragments.sh	WIRED	-	-	-
test_gate_sno_stored_pattern_alternation_capture_keeps_its_start.sh	WIRED	-	-	-
test_gate_sno_stored_pattern_first_guard_matches_spitbol.sh	WIRED	-	-	-
test_gate_sno_subscripted_replacement_does_not_leak_the_spine.sh	WIRED	-	-	-
test_gate_sno_substr_indexes_bytes_as_the_pattern_cursor_does.sh	WIRED	-	-	-
test_gate_sno_system_fn_table_is_sorted.sh	WIRED	-	-	-
test_gate_sno_terminal_read_fails_without_a_tty.sh	WIRED	-	-	-
test_gate_sno_the_bid_entry_calls_the_builtin_body_through_the_direct_table.sh	WIRED	-	-	-
test_gate_sno_the_binary_at_operator_groups_right_to_left_as_spitbol_does.sh	WIRED	-	-	-
test_gate_sno_the_name_operator_takes_an_indirect_or_a_keyword_and_a_cursor_capture_takes_any_target.sh	WIRED	-	-	-
test_gate_sno_the_null_string_is_one_table_key.sh	WIRED	-	-	-
test_gate_sno_the_real_model_is_spitbols_gtnum_reading_and_ftz_daz_arithmetic.sh	WIRED	-	-	-
test_gate_sno_trace_access_fires_on_a_plain_global_read_via_compile_time_gva_demotion.sh	WIRED	-	-	-
test_gate_sno_trace_access_fires_on_a_reference_and_is_silent_on_an_assignment.sh	WIRED	-	-	-
test_gate_sno_trace_banner_spells_an_object_like_dump.sh	WIRED	-	-	-
test_gate_sno_trace_keyword_name_is_validated.sh	WIRED	-	-	-
test_gate_sno_trace_of_an_array_or_table_element_fires_and_spells_it_like_the_oracle.sh	WIRED	-	-	-
test_gate_sno_trace_value_fires_at_every_sink_with_the_sinks_statement_number.sh	WIRED	-	-	-
test_gate_sno_traced_run_honours_the_declared_stack_limit_and_the_slim_road_traces.sh	WIRED	-	-	-
test_gate_sno_tracing_does_not_change_a_match_result.sh	WIRED	-	-	-
test_gate_sno_trim_drops_a_trailing_tab_and_scrips_own_builtins_are_undefined.sh	WIRED	-	-	-
test_gate_sno_unary_caret_is_an_undefined_operator_error_29.sh	WIRED	-	-	-
test_gate_sno_value_is_restored_and_diag1_test1_grade_under_ceo1293_rows.sh	WIRED	-	-	-
test_gate_sno_want_name_request_is_consumed_not_left_standing.sh	WIRED	-	-	-
test_gate_snobol4_xfail_markers_are_attributed.sh	WIRED	-	-	-
test_gate_snocone_a_setexit_trap_is_taken_from_a_function_body_a_nested_block_and_a_condition.sh	WIRED	-	-	-
test_gate_snocone_apply_of_a_snocone_function_carries_its_arguments_into_the_tiny_record.sh	WIRED	-	-	-
test_gate_snocone_beauty_suite_reads_every_test_in_both_modes_with_no_xfail.sh	WIRED	-	-	-
test_gate_snocone_every_spitbol_operator_matches_the_oracle.sh	WIRED	-	-	-
test_gate_snocone_expressions_are_snobol4_expressions.sh	WIRED	-	-	-
test_gate_snocone_returns_codegen.sh	WIRED	-	-	-
test_gate_spitbol_x32_case_conversion_is_oracle_equivalent.sh	WIRED	-	-	-
test_gate_spitbol_x64_case_conversion_is_oracle_equivalent.sh	WIRED	-	-	-
test_gate_suite_argv_sidecar.sh	WIRED	-	-	-
test_gate_suite_banner_check_writes_nothing_and_render_is_scoped.sh	WIRED	-	-	-
test_gate_suite_board_line_prints_shipped_with_outside_named.sh	WIRED	-	-	-
test_gate_suite_dates_are_box_clock_days.sh	WIRED	-	-	-
test_gate_suite_out_files_attribute_grades_the_written_file.sh	WIRED	-	-	-
test_gate_suite_population_diff_reds_on_a_moved_skip.sh	WIRED	-	-	-
test_gate_suite_runners_honour_the_tests_declared_memory.sh	WIRED	-	-	-
test_gate_suite_set_does_not_move_another_suites_row.sh	WIRED	-	-	-
test_gate_suite_table_graded_cell_is_a_date_never_an_age.sh	WIRED	-	-	-
test_gate_suite_table_writers_hold_one_lock.sh	WIRED	-	-	-
test_gate_sweep_keeps_a_load_guard_refusal_and_retires_a_cannot_measure_one.sh	WIRED	-	-	-
test_gate_swi_runner_grades_a_signal_death_crash_never_fail.sh	WIRED	-	-	-
test_gate_swi_runner_keeps_what_a_killed_mode4_run_printed.sh	WIRED	-	-	-
test_gate_table_convert_creation_order.sh	WIRED	-	-	-
test_gate_template_form_census_names_a_planted_two_form_box.sh	WIRED	-	-	-
test_gate_template_medium_invisible.sh	WIRED	-	-	-
test_gate_template_returns_count_per_function.sh	WIRED	-	-	-
test_gate_template_watch_names_a_planted_violation_by_commit.sh	WIRED	-	-	-
test_gate_term_wordref_ratchet.sh	WIRED	-	-	-
test_gate_testpgms_grades_a_spitbol_post_mortem_through_the_one_error_voice.sh	WIRED	-	-	-
test_gate_the_default_stack_and_heap_are_spitbols.sh	WIRED	-	-	-
test_gate_the_tiny_open_protocol_and_its_glue_record_agree.sh	WIRED	-	-	-
test_gate_tmp_scratch_is_released.sh	WIRED	-	-	-
test_gate_triangulate_parsers_read_only_the_first_grid.sh	WIRED	-	-	-
test_gate_two_region.sh	WIRED	-	-	-
test_gate_umbrella_done_whens_anchor_on_the_board_line.sh	WIRED	-	-	-
test_gate_x86_cmp_and_or_reg_mem_source_never_falls_through_silently.sh	WIRED	-	-	-
test_gate_xfail_marker_and_index_agree.sh	WIRED	-	-	-
test_gate_zd_a_back_edge_leaves_a_blob_run_and_alternation_arms_stay_unplanned.sh	WIRED	-	-	-
test_gate_zd_a_run_keeps_no_producer_whose_consumer_is_outside_it.sh	WIRED	-	-	-
test_gate_baton_donewhen_runnable_live.sh	RULING	reads the LIVE postoffice: grades rows sixteen seats are editing right now, so it reds on a dirty fleet BY DESIGN (ceo ruling 2026-09-03, stated verbatim in the Makefile test-postoffice header)	ceo	2026-09-03
test_gate_baton_next_blocks.sh	RULING	reads the LIVE postoffice: grades rows sixteen seats are editing right now, so it reds on a dirty fleet BY DESIGN (ceo ruling 2026-09-03, stated verbatim in the Makefile test-postoffice header)	ceo	2026-09-03
test_gate_baton_one_next_block.sh	RULING	reads the LIVE postoffice: grades rows sixteen seats are editing right now, so it reds on a dirty fleet BY DESIGN (ceo ruling 2026-09-03, stated verbatim in the Makefile test-postoffice header)	ceo	2026-09-03
test_gate_baton_state_header_single_record.sh	RULING	reads the LIVE postoffice: grades rows sixteen seats are editing right now, so it reds on a dirty fleet BY DESIGN (ceo ruling 2026-09-03, stated verbatim in the Makefile test-postoffice header)	ceo	2026-09-03
test_gate_bootstrap_parse_stage_ir_identity.sh	RULING	a landing gate, not a standing one: it compares a changed build to a parent build's outputs CAPTURED under the untracked out/ir_identity before the change, so it refuses rc=2 with no capture and its full-corpus pass is minutes, past preflight's 5 s arm ceiling; the stage-1 row's DONE-WHEN calls it by name once it exists (ceo CEO-1571)	hq_snocone	2026-10-09T01:29Z
test_gate_every_runner_passes_the_declared_heap_and_stack.sh	RULING	CEO-1501 (2) (ceo, 2026-10-04): a 22-minute single shard in the blocking set raises every seat's floor for an instrument that moves only when a runner moves; moved to make test-boards, the coo loop's recipe. Half (a), test_gate_no_runner_types_a_size_or_sets_the_window.sh, stays WIRED in test-sequential. A seat that changes a runner runs it standalone as a touched gate.	coo	2026-10-04T18:16Z
test_gate_gc_snocone_deferred_eval_survives_a_collection.sh	RULING	Reached by `make test-arena`, whose recipe sweeps every scripts/test_gate_gc_*.sh. IT WAS RED ON ORIGIN BY DESIGN AND IS NOW GREEN IN BOTH FRONTENDS (2026-09-20, SCRIP 81c00a5be): the defect it pins -- deferred EVAL returning the null string under collection where sbl -bf says 1 -- was cured by hq_snobol4's DT_X landing 83b8bc9d2 in a SHARED node this lane measured, handed over and refused to land. Its ref is cut from sbl -bf AT GATE TIME and never pinned, so it cannot rot into a green over our own output. ITS ROW HAS CLOSED, which under this row's own prior text is the trigger to wire it into `make test` -- MEASURED AT 1.03s (three runs, 1.04/1.03/1.02, load 3.76, RT_OPT=-O0), so the cost is real and small. NOT LANDED BY THIS LANE: MODE line 2 CONDITION 2 makes the blocking set the shared resource that does not scale with seats and names its composition the coo's call, so this is an ASK to the coo with the number attached, never a unilateral edit of a shared Makefile. Until the coo rules, test-arena keeps it and it is GREEN there.	hq_snocone	2026-09-20T22:1xZ
test_gate_icon_gc_share_named_and_rungs_clean_under_forced_collection.sh	RULING	The DONE-WHEN of row icon-gc-the-icon-share-of-the-unmapped-slot-population-censused-by-name-and-the-master-clean-at-one-megabyte, and a multi-minute LANE gate hq_icon runs per landing: it materializes 826 entries, collect-censuses them at EVERY band point, then grades the rungs in both modes at each point. MODE line 2 CONDITION 2 -- the blocking set is 367 essentially serial arms and is the shared resource that does not scale with seats, so adding a multi-minute arm to it is the coo's call and not this lane's. Same shape and same reason as the snocone twin already declared here.	hq_icon	2026-09-20T22:16Z
test_gate_icon_rungs_per_entry_identity.sh	RULING	CEO-547 (ceo, 2026-09-11, on the cfo ECONOMY finding), EXECUTED by hq_V 2026-09-12: it runs the corpus Icon rungs, so ONE RUNNER, ONE BOARD (CEO-523) correctly refuses it rc=2 to every seat but the coo -- wired, it asserted nothing for two days and made make test unrunnable for twelve of thirteen seats. Moved to the coo pass (make test-boards). The comparison is UNWEAKENED and proven on the coo own recorded board of this tree: examined=1669 regressions=0, and FAIL_ONCE rc=1.	hq_V	2026-09-12T13:39Z
test_gate_pas_whole_array_into_a_record_field_round_trips.sh	RULING	Proven RED before any cure exists (rc=1: localrec and ptrrec read 09899 where fpc -Miso reads bcdefghi, both modes, shipped arena, no stress) and therefore held OUT of the blocking set while red: wiring it would redden the landing verdict for all ten TENET seats over a defect none of them caused and only hq_pascal can cure, which is a fleet-wide cost this seat will not impose unilaterally. It is a reproducer, not an xfail -- the defect is rowed rank 0 as pascal-a-whole-array-assigned-into-a-record-field-reads-back-wrong-collapse-pack-and-the-dense-field-interior-to-one-authority, and the cure is a three-layer representation ruling handed to the ceo under CEO-1021. WHO WIRES IT: hq_pascal, in the same landing as the cure, at which point this RULING is deleted rather than amended; or the ceo sooner if they want the blocking set to carry the red now. NOTE it is named test_gate_pas_* so the make test-arena test_gate_gc_*.sh glob does NOT sweep it -- it genuinely runs nowhere until then, and that is the declared state rather than an accident.	hq_pascal	2026-09-20T20:54Z
test_gate_pl_iso_rung9_a_backtrackable_recursion_reaches_the_depth_the_oracle_reaches.sh	RULING	PROLOG ISO LADDER RUNG 9, deliberately out of every recipe while RED: 4 arms red, 2 controls green, both modes. The rung is a FRAME-CAPACITY defect -- a frame behind a choicepoint is never reclaimed, ~289 B/frame on the toy witness and ~3.1 KB/frame over tak(18,12,6)'s ~63,609 calls. Its cure is ROUTED TO hq_U and RAISED TO LON by ceo CEO-683, because the obvious fix is forbidden by RULES.md BB FRAME-PLACEMENT CRITERION. It wires when the rung is met, not before. cto 2026-09-13.	cto	2026-09-13T19:39Z
test_gate_pl_rungs_is_clean_at_the_tiny_arena.sh	RULING	DELIBERATELY OUT OF THE BLOCKING SET ON COST, NOT ON DOUBT -- it runs the Prolog rungs ONCE PER ARM (control + tiny arena + one arm per stress-band point), which is hours, against a single-board cost of ~15 minutes. TENET condition 2 (ceo CEO-1011, measured 2026-09-20) is that the landing gate is the shared resource that does NOT scale with seats: make test is ~372 essentially-serial arms on one 16-core box with ten seats queueing through it, and wiring an hours-long gate into that recipe would cap every seat in the fleet to buy one language's verdict. It is a DELIBERATE gate: the owning row (prolog-gc-the-prolog-share-of-the-unmapped-slot-population-censused-by-name-and-the-master-clean-at-one-megabyte) runs it and any landing that claims Prolog GC share is clean cites its output. Re-examine if the blocking set is ever cheap enough that an hours-long arm is affordable, or if the gate is re-cut to a witness subset rather than the whole rung suite.	hq_prolog	2026-09-20T20:49Z
test_gate_polyglot_demos.sh	RULING	CEO-1389 (the ceo 2026-10-01): a board of the polyglot demos, which the coo's scriptix-demos (scrip-demos until 2026-10-02) SUITE TABLE row grades in both modes (CEO-1342); it read WIRED only because test_gate_zd_omega_head_acceptance.sh's retired arm 4 named it, and make test never ran it.	coo	2026-10-01T16:57Z
test_gate_preflight_complete.sh	RULING	reads the LIVE postoffice: grades rows sixteen seats are editing right now, so it reds on a dirty fleet BY DESIGN (ceo ruling 2026-09-03, stated verbatim in the Makefile test-postoffice header)	ceo	2026-09-03
test_gate_queue_is_an_index.sh	RULING	reads the LIVE postoffice: grades rows sixteen seats are editing right now, so it reds on a dirty fleet BY DESIGN (ceo ruling 2026-09-03, stated verbatim in the Makefile test-postoffice header)	ceo	2026-09-03
test_gate_raku_monitor_agrees_with_rkx_on_use_blocks_and_stores.sh	RULING	needs the instrumented Rakudo fork (rkx) built at /home/resources/rakudo-mon; it is the Raku lane's monitor-alignment proof, run by hq_raku per landing that touches lower_raku.c's trace hooks, and refuses rc=2 where rkx is absent -- wiring it is the officers' call (CEO-1270)	hq_raku	2026-09-25T22:21Z
test_gate_raku_rungs_is_clean_at_the_tiny_arena.sh	RULING	DELIBERATELY OUT OF THE BLOCKING SET ON COST, NOT ON DOUBT -- same shape as the Prolog sibling gate (46f348488): it runs the Raku rungs ONCE PER ARM (control + tiny arena + one arm per declared stress point), each a full corpus_suite_harness pass, against a single-board cost well under a full rungs run. TENET condition 2 (ceo CEO-1011) holds make test to a shared serial resource on one 16-core box across ten seats, and wiring a multi-arm rungs sweep into that recipe caps every seat's preflight to buy one lane's GC-item-4 verdict. This row (raku-gc-zero-gradings-lost-to-the-collector-across-the-arena-and-stress-axes-named-not-counted) is the owner; it is currently RUNNING, not DONE, so the gate's own population is not yet final. Any landing that claims raku GC-item-4 (zero gradings lost across arena/stress) clean cites this gate's own output directly. Re-examine if the blocking set ever gets cheap enough, or if this is re-cut to a witness subset.	hq_raku	2026-09-21T18:33Z
test_gate_s4e_release_verbs_mark_last_row.sh	RULING	reads the LIVE postoffice: grades rows sixteen seats are editing right now, so it reds on a dirty fleet BY DESIGN (ceo ruling 2026-09-03, stated verbatim in the Makefile test-postoffice header)	ceo	2026-09-03
test_gate_sno_define_prototype_follows_the_executed_define.sh	RULING	RED by design until the prototype cure lands (row snobol4-gimpel-recursive-list-functions-overflow-the-call-stack-where-spitbol-completes, cfo 2026-09-12): one activation per distinct prototype; a red DONE-WHEN is not an invariant and gets wired in the commit that makes it green	cfo	2026-09-12T19:34Z
test_gate_sno_port_trace.sh	RULING	CEO-1501 (2) (ceo, 2026-10-04), by consequence: this gate was WIRED only through test_gate_every_runner_passes_the_declared_heap_and_stack.sh, which runs it as its PT fixture (--cut over a scratch rungs container); it moved with that gate to make test-boards, the coo loop's recipe, and is reached there. It was TASK before gate (b) landed, and TASK is at its ceiling.	coo	2026-10-04T18:17Z
test_gate_snocone_a_failed_call_entering_an_if_branch_keeps_the_spine.sh	RULING	RED BY DESIGN: 9 SIGSEGV witnesses (a failed out-of-line call whose omega enters an if branch runs off the zeta spine) wait on the cto's cure in the emitter's zeta-depth runs; the cure's landing wires it into make test in the same commit, and its 4 controls are green today	hq_snocone	2026-09-27T22:27Z
test_gate_snocone_gc_share_named_and_rungs_clean_under_forced_collection.sh	RULING	The DONE-WHEN of row snocone-gc-the-snocone-share-of-the-unmapped-slot-population-censused-by-name-and-the-master-clean-under-forced-collection, WHICH CLOSED GREEN 2026-09-20 on SCRIP 81c00a5be: NO-MAP=0, decidable at every band point, rungs 336/336 both modes at arena_mb=1 across the default band "1 16" and re-swept clean across "1 5 16 25 64 100" with an empty NAME SET at all six. DELIBERATELY STAYS OUT OF `make test`: ~3 min PER BAND POINT is exactly the arm CONDITION 2 says not to add to a serial blocking set that ten seats queue through. It stays a LANE gate run by hq_snocone per landing. Wiring it is the coo's call and this lane is not asking for it -- the cheap 1.03s witness gate beside it is the one worth the blocking set's time.	hq_snocone	2026-09-20T22:1xZ
test_gate_snocone_parsers_match_the_c_parsers_tree_for_tree.sh	RULING	the row's DONE-WHEN (CEO-1340): RED by measurement until Lon's canonical forms land in the .sc parsers (the shape classes are in GOAL-SNOCONE-100.md); run per landing on the benchmark samples and at closure on the whole corpus, never as a blocking arm	hq_snocone	2026-09-28T14:14Z
test_gate_zd_omega_head_acceptance.sh	RULING	CEO-1389 (the ceo 2026-10-01): out of make test because its one red is a src finding, zd_omega_test_kind's per-op filter (emit.cpp), owned by the cto's row; wiring it would red make test for every seat until that lands. Arm 4's five boards were retired: the coo's SUITE TABLE is that verdict (CEO-1342).	coo	2026-10-01T16:57Z
test_gate_argnote_sweep.sh	TASK	-	-	-
test_gate_asm_tabs_identity.sh	TASK	-	-	-
test_gate_baton_hidden_criterion.sh	TASK	-	-	-
test_gate_bb_emit_blind.sh	TASK	-	-	-
test_gate_bb_label_no_silent_truncation.sh	TASK	-	-	-
test_gate_bb_one_box.sh	TASK	-	-	-
test_gate_build_governor.sh	TASK	-	-	-
test_gate_call2bb_stub_regime.sh	TASK	-	-	-
test_gate_clobarm.sh	TASK	-	-	-
test_gate_commit_msg_hook.sh	TASK	-	-	-
test_gate_const_graph.sh	TASK	-	-	-
test_gate_crosscheck_family_list_autodiscovers.sh	TASK	-	-	-
test_gate_dangling_blocker_refused.sh	TASK	-	-	-
test_gate_defect_c_vlist_ladder.sh	TASK	-	-	-
test_gate_digest_matches_rules.sh	TASK	-	-	-
test_gate_done_donewhen_backtick_normalised.sh	TASK	-	-	-
test_gate_ec_uni_complete.sh	TASK	-	-	-
test_gate_em8_snocone_native_emit.sh	TASK	-	-	-
test_gate_em_beauty_subsystems_mode4.sh	TASK	-	-	-
test_gate_em_template_byte_identity.sh	TASK	-	-	-
test_gate_emit_dwarf_loc.sh	TASK	-	-	-
test_gate_end_only_program.sh	TASK	-	-	-
test_gate_fb_adopt_one_predicate.sh	TASK	-	-	-
test_gate_fb_predicate_tripwire.sh	TASK	-	-	-
test_gate_fc_no_residual_rbp.sh	TASK	-	-	-
test_gate_fleet_protocol_e2e.sh	TASK	-	-	-
test_gate_fz_release.sh	TASK	-	-	-
test_gate_gates_can_say_no.sh	TASK	-	-	-
test_gate_generator_oracle_agreement.sh	TASK	-	-	-
test_gate_generator_oracle_agreement_rung2.sh	TASK	-	-	-
test_gate_handoff_status_three_state.sh	TASK	-	-	-
test_gate_icn_arith_unconvertible_operand_raises_102.sh	TASK	-	-	-
test_gate_icn_bignum_rung0.sh	TASK	-	-	-
test_gate_icn_bignum_rung1.sh	TASK	-	-	-
test_gate_icn_bignum_rung2.sh	TASK	-	-	-
test_gate_icn_braced_branch_as_operand.sh	TASK	-	-	-
test_gate_icn_coexpr_value_and_environment.sh	TASK	-	-	-
test_gate_icn_error_conversion_fails_the_expression.sh	TASK	-	-	-
test_gate_icn_global_no_nv_m3.sh	TASK	-	-	-
test_gate_icn_ipl_reason_is_the_oracles_own_words.sh	TASK	-	-	-
test_gate_icn_list_element_alternation_position.sh	TASK	-	-	-
test_gate_icn_local_no_nv.sh	TASK	-	-	-
test_gate_icn_pow_error_cases.sh	TASK	-	-	-
test_gate_icn_rtx_blank_operand_honours_the_error_protocol.sh	TASK	-	-	-
test_gate_icn_rung36_scan_entries_terminate.sh	TASK	-	-	-
test_gate_icn_scan.sh	TASK	-	-	-
test_gate_icn_semicolon_required.sh	TASK	-	-	-
test_gate_icn_suspend_record_stack_alignment.sh	TASK	-	-	-
test_gate_icn_swap_operand_is_a_variable.sh	TASK	-	-	-
test_gate_icn_var.sh	TASK	-	-	-
test_gate_icn_zcells_gva.sh	TASK	-	-	-
test_gate_icn_zk5_gva.sh	TASK	-	-	-
test_gate_icon_vendored_sources_compile_under_icont.sh	TASK	-	-	-
test_gate_instr_budget.sh	TASK	-	-	-
test_gate_ir_field_discipline.sh	TASK	-	-	-
test_gate_ir_tmp_slots.sh	TASK	-	-	-
test_gate_json_fence0_leak.sh	TASK	-	-	-
test_gate_json_fence_jstrbody_cas.sh	TASK	-	-	-
test_gate_kw_direct.sh	TASK	-	-	-
test_gate_kw_static.sh	TASK	-	-	-
test_gate_lower_isolation.sh	TASK	-	-	-
test_gate_m1_self_host_fixed_point.sh	TASK	-	-	-
test_gate_me6_reentry_hazard.sh	TASK	-	-	-
test_gate_no_asm_c_asm.sh	TASK	-	-	-
test_gate_no_brokered.sh	TASK	-	-	-
test_gate_no_fossil_src_paths.sh	TASK	-	-	-
test_gate_no_hidden_global_in_emitted.sh	TASK	-	-	-
test_gate_no_lang_names.sh	TASK	-	-	-
test_gate_no_new_function_scope_static.sh	TASK	-	-	-
test_gate_no_pickable_standing_umbrella.sh	TASK	-	-	-
test_gate_no_raw_asm_producers.sh	TASK	-	-	-
test_gate_no_undefined_alpha_label.sh	TASK	-	-	-
test_gate_nv_set_fn_ir_ratchet.sh	TASK	-	-	-
test_gate_omega_own_k.sh	TASK	-	-	-
test_gate_oracle_bf_capable.sh	TASK	-	-	-
test_gate_out_sweep_flaky.sh	TASK	-	-	-
test_gate_p7_prolog_setjmp_gone.sh	TASK	-	-	-
test_gate_pas_frame_pairing.sh	TASK	-	-	-
test_gate_pascal_empty_corpus_refusal.sh	TASK	-	-	-
test_gate_pascal_m3.sh	TASK	-	-	-
test_gate_pascal_m4.sh	TASK	-	-	-
test_gate_pattern_shared_box_witnesses.sh	TASK	-	-	-
test_gate_perf_pattern_cure_control.sh	TASK	-	-	-
test_gate_pl_coupling.sh	TASK	-	-	-
test_gate_pl_gz5a.sh	TASK	-	-	-
test_gate_pl_gz5b.sh	TASK	-	-	-
test_gate_pl_gz5c.sh	TASK	-	-	-
test_gate_pl_gz6.sh	TASK	-	-	-
test_gate_pl_gz7.sh	TASK	-	-	-
test_gate_pl_no_synthetic_main.sh	TASK	-	-	-
test_gate_pl_port_trace.sh	TASK	-	-	-
test_gate_pl_rung11_lco.sh	TASK	-	-	-
test_gate_pl_rungs_board_floor.sh	TASK	-	-	-
test_gate_port_exit_value_contract.sh	TASK	-	-	-
test_gate_port_functions.sh	TASK	-	-	-
test_gate_pristine_lock_timeout.sh	TASK	-	-	-
test_gate_probe_suite_grading_path.sh	TASK	-	-	-
test_gate_prolog_dynamic_db_both_modes.sh	TASK	-	-	-
test_gate_prolog_entrypoint_ruling.sh	TASK	-	-	-
test_gate_prolog_vanroy_kernels_m3.sh	TASK	-	-	-
test_gate_raku_zframe.sh	TASK	-	-	-
test_gate_rakugram_precedence.sh	TASK	-	-	-
test_gate_rbp_census_ratchet.sh	TASK	-	-	-
test_gate_rbx_quarantine.sh	TASK	-	-	-
test_gate_regen_demo_refused_marker.sh	TASK	-	-	-
test_gate_rt_goto_transfer_failure_is_expressible.sh	TASK	-	-	-
test_gate_rtcc_block_coverage.sh	TASK	-	-	-
test_gate_rtx_ctor_armed.sh	TASK	-	-	-
test_gate_rtx_inventory_live.sh	TASK	-	-	-
test_gate_rtx_killswitch_sets.sh	TASK	-	-	-
test_gate_rtx_store_width.sh	TASK	-	-	-
test_gate_rungs_family_selector.sh	TASK	-	-	-
test_gate_rungs_shrink_refusal.sh	TASK	-	-	-
test_gate_rungs_suite_deferral_and_scope.sh	TASK	-	-	-
test_gate_runtime_isolation.sh	TASK	-	-	-
test_gate_s130_behav.sh	TASK	-	-	-
test_gate_s130_blast.sh	TASK	-	-	-
test_gate_s4e_next_runs_done_when_at_dispatch.sh	TASK	-	-	-
test_gate_s4e_next_serves_own_lane.sh	TASK	-	-	-
test_gate_s4e_one_process_per_identity.sh	TASK	-	-	-
test_gate_s4e_park_additive_blocker.sh	TASK	-	-	-
test_gate_s_artifacts_verifier_stale_binary_refuses.sh	TASK	-	-	-
test_gate_score_cell_no_silent_prose_loss.sh	TASK	-	-	-
test_gate_score_v_clause_carries_its_fraction.sh	TASK	-	-	-
test_gate_scorecard_suite_aware.sh	TASK	-	-	-
test_gate_scratch_is_bounded.sh	TASK	-	-	-
test_gate_scrip_demo_harness_wired.sh	TASK	-	-	-
test_gate_scrip_polyglot_demo_icon_semicolon.sh	TASK	-	-	-
test_gate_scrip_polyglot_demo_segfaults.sh	TASK	-	-	-
test_gate_send_refuses_a_shell_substituted_body.sh	TASK	-	-	-
test_gate_sn7_beauty_self_host.sh	TASK	-	-	-
test_gate_sno_byname_goto_call_args_after_failure.sh	TASK	-	-	-
test_gate_sno_charset_dynamic_operand_null_alt.sh	TASK	-	-	-
test_gate_sno_data_protect_mode4.sh	TASK	-	-	-
test_gate_sno_define_redefinition_per_binding_dispatch.sh	TASK	-	-	-
test_gate_sno_goto_field_call_is_by_name.sh	TASK	-	-	-
test_gate_sno_goto_field_call_parses.sh	TASK	-	-	-
test_gate_sno_goto_special_transfer_target.sh	TASK	-	-	-
test_gate_sno_immediate_capture_non_name_target.sh	TASK	-	-	-
test_gate_sno_lastno_across_call_return.sh	TASK	-	-	-
test_gate_sno_pat_reg.sh	TASK	-	-	-
test_gate_sno_proc_own_name_byname_mid_return.sh	TASK	-	-	-
test_gate_sno_system_fn_protection_matches_spitbol.sh	TASK	-	-	-
test_gate_snobol4_rungs_named_set_equality.sh	TASK	-	-	-
test_gate_stage2_isolation.sh	TASK	-	-	-
test_gate_stale_binary_uses_source_mtime.sh	TASK	-	-	-
test_gate_suite_conversion_complete.sh	TASK	-	-	-
test_gate_suite_refusal_names_stale_corpus.sh	TASK	-	-	-
test_gate_udc.sh	TASK	-	-	-
test_gate_vanroy_bucket_rule.sh	TASK	-	-	-
test_gate_vanroy_prolog_acceptance.sh	TASK	-	-	-
test_gate_witness_guard_no_new_conflation.sh	TASK	-	-	-
test_gate_wreg_claim.sh	TASK	-	-	-
test_gate_wreg_claim_binary.sh	TASK	-	-	-
test_gate_xfail_has_reason.sh	TASK	-	-	-
test_gate_zdp_on_null.sh	TASK	-	-	-
test_gate_zeta_no_arena.sh	TASK	-	-	-
test_gate_zpop_whitelist.sh	TASK	-	-	-
