# THE RUNGS-ENTRY PLANT (row gc-family-1-of-the-bare-poll-table-is-re-retired-only-after-the-plant-runs-over-every-masters-entries-extracted-one-per-file, cto 2026-09-27).
# Plant tree 67d7993da (65b0bc779^, every family-1 arm present) with 17 emit-time tags: the marshal_arith cycle, the NV_GET argument arm, the by-name dop leaf, the four write routes, IR_DEFINE role 0 and its eligible path,
# the two slim roads (A_SLIM_ROAD_Z the tiny fallback, A_SLIM_ROAD the staged box), the CALL2BB handoff (pending set, consume, consumer), and controls (CALL_ROUTE_FN, CALL_ROUTE_PROC_STAGED, the DEFINE role of every define).
# Populations: corpus_sources = every source under corpus/ with a scrip extension (4659, the rung suites' ALL.* compiled whole among them); rungs_entries = the 5027 entries of the seven rung suites, one file per entry
# (scripts/util_extract_rungs_entries.py), each compiled with the compile_args its attribute row declares; rungs_entries_bare = the same entries without them. Driver: scripts/util_plant_pass.py, twelve wide.
# RESULT: every family-1 arm reads 0 on all three populations except A_SLIM_ROAD_Z, fired by exactly snobol4 define_params_30_restore_caller and define_params_60_restore_caller -- the reach hq_snobol4's verdict
# on 65b0bc779 found (the 29-formal ceiling of bb_tiny_shim_ok and the role-4 shim). Controls fired in all seven languages. C_DEFINE_ROLE4 fired nowhere: every role-4 DEFINE is the inl5 shim.
# One rung suite-entry compile crash: icon ladder__rung38_coexpr_an_activation_resumes_its_operand_generator (rc 134 at an emit_drive guard on the plant tree; cured by hq_icon's 25e3e8e2f, it compiles on HEAD, IcnRungs 893/893).
# util_plant_pass.py 2026-09-27 07:10 -- binary <scratch plant worktree>/scrip on tree 67d7993da pascal: a record-typed field of an anonymous record variable keeps its record type -- g.c.a of var g: record x: integer; c: q end is selected, assigned and written; planted files:  4 files changed, 17 insertions(+), 8 deletions(-)
language	population	files	compiled	refused	crashed	timedout	arm	files_fired	tags	witnesses
icon	corpus_sources	1710	1507	202	1	0	C_PROC_STAGED	752	25212	benchmarks/icon/concord.icn,benchmarks/icon/deal.icn,benchmarks/icon/geddump.icn,benchmarks/icon/ipxref.icn,benchmarks/icon/queens.icn
icon	corpus_sources	1710	1507	202	1	0	C_ROUTE_FN	969	53130	benchmarks/icon/bench_icnint_loop.icn,benchmarks/icon/bench_icnint_mod_isolate.icn,benchmarks/icon/bench_icnstr_concat_dispatch.icn,benchmarks/icon/bench_icnstr_concat_int_dispatch.icn,benchmarks/icon/bench_icnstr_concat_intvar.icn
pascal	corpus_sources	1072	361	711	0	0	C_PROC_STAGED	77	2286	benchmarks/pascal/fbench.pas,benchmarks/pascal/perm.pas,benchmarks/pascal/queens.pas,benchmarks/pascal/quick.pas,benchmarks/pascal/towers.pas
pascal	corpus_sources	1072	361	711	0	0	C_ROUTE_FN	76	3931	benchmarks/pascal/bubble.pas,benchmarks/pascal/fbench.pas,benchmarks/pascal/intmm.pas,benchmarks/pascal/perm.pas,benchmarks/pascal/queens.pas
prolog	corpus_sources	523	494	26	3	0	C_PROC_STAGED	494	14822	benchmarks/prolog/bench/cal.pl,benchmarks/prolog/bench/crypt.pl,benchmarks/prolog/bench/deriv.pl,benchmarks/prolog/bench/derive.pl,benchmarks/prolog/bench/divide10.pl
prolog	corpus_sources	523	494	26	3	0	C_ROUTE_FN	495	237179	benchmarks/prolog/bench/cal.pl,benchmarks/prolog/bench/crypt.pl,benchmarks/prolog/bench/deriv.pl,benchmarks/prolog/bench/derive.pl,benchmarks/prolog/bench/divide10.pl
raku	corpus_sources	197	132	65	0	0	C_PROC_STAGED	16	59	benchmarks/raku/insertion-sort.raku,benchmarks/raku/merge-sort.raku,benchmarks/raku/rakudo-tools-02-10-000-sub-dispatches.raku,benchmarks/raku/spinner.raku,tests/scrip_test/raku/rk_array_literal.raku
raku	corpus_sources	197	132	65	0	0	C_ROUTE_FN	118	450	benchmarks/raku/insertion-sort.raku,benchmarks/raku/mb-any_equals.raku,benchmarks/raku/mb-array_set_xx.raku,benchmarks/raku/mb-charrange.raku,benchmarks/raku/mb-charrange_ignorecase.raku
rebus	corpus_sources	7	7	0	0	0	C_DEFINE_ROLE1	7	7	benchmarks/rebus/arith_loop.reb,benchmarks/rebus/fib_recur.reb,benchmarks/rebus/string_concat.reb,tests/rebus/ALL.reb,tests/rebus/binary_trees.reb
rebus	corpus_sources	7	7	0	0	0	C_DEFINE_ROLE2	1	1	tests/rebus/ALL.reb
rebus	corpus_sources	7	7	0	0	0	C_DEFINE_ROLE5	7	18	benchmarks/rebus/arith_loop.reb,benchmarks/rebus/fib_recur.reb,benchmarks/rebus/string_concat.reb,tests/rebus/ALL.reb,tests/rebus/binary_trees.reb
rebus	corpus_sources	7	7	0	0	0	C_PROC_STAGED	7	26	benchmarks/rebus/arith_loop.reb,benchmarks/rebus/fib_recur.reb,benchmarks/rebus/string_concat.reb,tests/rebus/ALL.reb,tests/rebus/binary_trees.reb
rebus	corpus_sources	7	7	0	0	0	C_ROUTE_FN	7	38	benchmarks/rebus/arith_loop.reb,benchmarks/rebus/fib_recur.reb,benchmarks/rebus/string_concat.reb,tests/rebus/ALL.reb,tests/rebus/binary_trees.reb
snobol4	corpus_sources	1028	684	343	1	0	C_DEFINE_ROLE1	346	346	benchmarks/snobol4/demo/calculator-1-match-fence.sno,benchmarks/snobol4/demo/calculator-1-match.sno,benchmarks/snobol4/demo/calculator-1.sno,benchmarks/snobol4/demo/calculator-2-match-fence.sno,benchmarks/snobol4/demo/calculator-2-match.sno
snobol4	corpus_sources	1028	684	343	1	0	C_DEFINE_ROLE2	165	165	benchmarks/snobol4/demo/calculator-1.sno,benchmarks/snobol4/demo/calculator-2.sno,benchmarks/snobol4/demo/claws5.sno,benchmarks/snobol4/demo/json.sno,benchmarks/snobol4/demo/porter.sno
snobol4	corpus_sources	1028	684	343	1	0	C_DEFINE_ROLE3	70	4227	benchmarks/snobol4/demo/json-match-fence.sno,benchmarks/snobol4/demo/json-match.sno,benchmarks/snobol4/demo/porter.sno,benchmarks/snobol4/testpgms-test1.spt,benchmarks/snobol4/testpgms-test4.spt
snobol4	corpus_sources	1028	684	343	1	0	C_DEFINE_ROLE5	343	2120	benchmarks/snobol4/demo/calculator-1-match-fence.sno,benchmarks/snobol4/demo/calculator-1-match.sno,benchmarks/snobol4/demo/calculator-1.sno,benchmarks/snobol4/demo/calculator-2-match-fence.sno,benchmarks/snobol4/demo/calculator-2-match.sno
snobol4	corpus_sources	1028	684	343	1	0	C_PROC_STAGED	332	86133	benchmarks/snobol4/demo/calculator-1-match-fence.sno,benchmarks/snobol4/demo/calculator-1-match.sno,benchmarks/snobol4/demo/calculator-1.sno,benchmarks/snobol4/demo/calculator-2-match-fence.sno,benchmarks/snobol4/demo/calculator-2-match.sno
snobol4	corpus_sources	1028	684	343	1	0	C_ROUTE_FN	678	15035	benchmarks/snobol4/arith_loop.sno,benchmarks/snobol4/arith_loop_twin.sno,benchmarks/snobol4/array_sum.sno,benchmarks/snobol4/demo/calculator-1-match-fence.sno,benchmarks/snobol4/demo/calculator-1-match.sno
snocone	corpus_sources	122	119	3	0	0	C_DEFINE_ROLE3	34	586	benchmarks/snocone/demo/calculator-1-match-fence.sc,benchmarks/snocone/demo/calculator-1-match.sc,benchmarks/snocone/demo/calculator-1.sc,benchmarks/snocone/demo/calculator-2-match.sc,benchmarks/snocone/demo/claws5.sc
snocone	corpus_sources	122	119	3	0	0	C_PROC_STAGED	39	942	benchmarks/snocone/demo/calculator-1-match-fence.sc,benchmarks/snocone/demo/calculator-1-match.sc,benchmarks/snocone/demo/calculator-1.sc,benchmarks/snocone/demo/calculator-2-match.sc,benchmarks/snocone/demo/claws5-match-fence.sc
snocone	corpus_sources	122	119	3	0	0	C_ROUTE_FN	118	1857	benchmarks/snocone/arith_loop.sc,benchmarks/snocone/demo/calculator-1-match-fence.sc,benchmarks/snocone/demo/calculator-1-match.sc,benchmarks/snocone/demo/calculator-1.sc,benchmarks/snocone/demo/calculator-2-match.sc
icon	rungs_entries	893	892	0	1	0	C_PROC_STAGED	196	1377	icon/ladder__rung02_proc_a_real_callee_invokes_by_its_integer_part.icn,icon/ladder__rung02_proc_a_returned_variable_derefs_at_the_invocation.icn,icon/ladder__rung03_suspend_a_bang_over_a_cset_suspends_each_character.icn,icon/ladder__rung03_suspend_a_bang_over_a_generator_resumes_the_generator.icn,icon/ladder__rung03_suspend_a_do_clause_inside_a_scan_is_entered_at_its_start.icn
icon	rungs_entries	893	892	0	1	0	C_ROUTE_FN	890	7550	icon/ladder__rung02_proc_a_real_callee_invokes_by_its_integer_part.icn,icon/ladder__rung02_proc_a_returned_variable_derefs_at_the_invocation.icn,icon/ladder__rung03_suspend_a_bang_over_a_cset_suspends_each_character.icn,icon/ladder__rung03_suspend_a_bang_over_a_generator_resumes_the_generator.icn,icon/ladder__rung03_suspend_a_do_clause_inside_a_scan_is_entered_at_its_start.icn
pascal	rungs_entries	252	252	0	0	0	C_PROC_STAGED	109	917	pascal/benchmark_perm.pas,pascal/benchmark_queens.pas,pascal/benchmark_quick.pas,pascal/benchmark_towers.pas,pascal/benchmark_uplevel2.pas
pascal	rungs_entries	252	252	0	0	0	C_ROUTE_FN	106	836	pascal/benchmark_bubble.pas,pascal/benchmark_intmm.pas,pascal/benchmark_perm.pas,pascal/benchmark_queens.pas,pascal/benchmark_quick.pas
prolog	rungs_entries	563	563	0	0	0	C_PROC_STAGED	563	4765	prolog/abolish_1.pl,prolog/abolish_abolish_of_unknown_predicate_1.pl,prolog/abolish_abolish_removes_clauses_1.pl,prolog/abolish_call_after_abolish_raises_existence_error_1.pl,prolog/abolish_pred_1.pl
prolog	rungs_entries	563	563	0	0	0	C_ROUTE_FN	563	148191	prolog/abolish_1.pl,prolog/abolish_abolish_of_unknown_predicate_1.pl,prolog/abolish_abolish_removes_clauses_1.pl,prolog/abolish_call_after_abolish_raises_existence_error_1.pl,prolog/abolish_pred_1.pl
raku	rungs_entries	947	936	11	0	0	C_PROC_STAGED	106	148	raku/benchmark_insertion-sort.raku,raku/benchmark_merge-sort.raku,raku/benchmark_spinner.raku,raku/class_sub_say_replace_1.raku,raku/ladder__rung07_subs.raku
raku	rungs_entries	947	936	11	0	0	C_ROUTE_FN	936	3320	raku/array_12.raku,raku/array_13.raku,raku/array_14.raku,raku/array_15.raku,raku/array_16.raku
rebus	rungs_entries	43	43	0	0	0	C_DEFINE_ROLE1	43	43	rebus/alt_replace_1.reb,rebus/alt_replace_2.reb,rebus/alt_replace_3.reb,rebus/arb_break_rem_1.reb,rebus/arith_divide.reb
rebus	rungs_entries	43	43	0	0	0	C_DEFINE_ROLE2	2	2	rebus/simple_output_22.reb,rebus/simple_output_26.reb
rebus	rungs_entries	43	43	0	0	0	C_DEFINE_ROLE5	43	48	rebus/alt_replace_1.reb,rebus/alt_replace_2.reb,rebus/alt_replace_3.reb,rebus/arb_break_rem_1.reb,rebus/arith_divide.reb
rebus	rungs_entries	43	43	0	0	0	C_PROC_STAGED	43	50	rebus/alt_replace_1.reb,rebus/alt_replace_2.reb,rebus/alt_replace_3.reb,rebus/arb_break_rem_1.reb,rebus/arith_divide.reb
rebus	rungs_entries	43	43	0	0	0	C_ROUTE_FN	43	639	rebus/alt_replace_1.reb,rebus/alt_replace_2.reb,rebus/alt_replace_3.reb,rebus/arb_break_rem_1.reb,rebus/arith_divide.reb
snobol4	rungs_entries	2001	1990	11	0	0	A_SLIM_ROAD_Z	2	7	snobol4/define_params_30_restore_caller.sno,snobol4/define_params_60_restore_caller.sno
snobol4	rungs_entries	2001	1990	11	0	0	C_DEFINE_ROLE1	394	394	snobol4/arbno_span_len_replace_branch_1.sno,snobol4/array_defer_indirect_replace_branch_1.sno,snobol4/array_keyword_replace_branch_1.sno,snobol4/array_replace_2.sno,snobol4/array_replace_branch_2.sno
snobol4	rungs_entries	2001	1990	11	0	0	C_DEFINE_ROLE2	132	132	snobol4/array_defer_indirect_replace_branch_1.sno,snobol4/array_replace_2.sno,snobol4/array_replace_branch_2.sno,snobol4/benchmark_calculator-1.sno,snobol4/benchmark_calculator-2.sno
snobol4	rungs_entries	2001	1990	11	0	0	C_DEFINE_ROLE3	118	442	snobol4/arbno_fence_pos_branch_26.sno,snobol4/arbno_pos_defer_branch_1.sno,snobol4/arbno_pos_rpos_branch_83.sno,snobol4/arbno_pos_rpos_branch_84.sno,snobol4/arbno_pos_rpos_branch_85.sno
snobol4	rungs_entries	2001	1990	11	0	0	C_DEFINE_ROLE5	396	1041	snobol4/arbno_span_len_replace_branch_1.sno,snobol4/arg_local_answer_a_name_1.sno,snobol4/array_defer_indirect_replace_branch_1.sno,snobol4/array_keyword_replace_branch_1.sno,snobol4/array_replace_2.sno
snobol4	rungs_entries	2001	1990	11	0	0	C_PROC_STAGED	342	1217	snobol4/arbno_span_len_replace_branch_1.sno,snobol4/array_defer_indirect_replace_branch_1.sno,snobol4/array_keyword_replace_branch_1.sno,snobol4/array_replace_2.sno,snobol4/array_replace_branch_2.sno
snobol4	rungs_entries	2001	1990	11	0	0	C_ROUTE_FN	1989	34810	snobol4/abort_alt_branch_1.sno,snobol4/abort_alt_branch_2.sno,snobol4/abort_alt_keyword_branch_1.sno,snobol4/alt_1.sno,snobol4/alt_2.sno
snocone	rungs_entries	338	338	0	0	0	C_DEFINE_ROLE3	1	1	snocone/eval_datatype_defer_1.sc
snocone	rungs_entries	338	338	0	0	0	C_PROC_STAGED	35	131	snocone/array_replace_3.sc,snocone/break_any_pos_replace_1.sc,snocone/break_len_rem_replace_2.sc,snocone/indirect_replace_1.sc,snocone/replace_keyword_replace_2.sc
snocone	rungs_entries	338	338	0	0	0	C_ROUTE_FN	338	1927	snocone/abort_alt_1.sc,snocone/any_capture_1.sc,snocone/any_capture_replace_1.sc,snocone/arb_capture_1.sc,snocone/arb_span_break_replace_1.sc
icon	rungs_entries_bare	893	892	0	1	0	C_PROC_STAGED	196	1377	icon/ladder__rung02_proc_a_real_callee_invokes_by_its_integer_part.icn,icon/ladder__rung02_proc_a_returned_variable_derefs_at_the_invocation.icn,icon/ladder__rung03_suspend_a_bang_over_a_cset_suspends_each_character.icn,icon/ladder__rung03_suspend_a_bang_over_a_generator_resumes_the_generator.icn,icon/ladder__rung03_suspend_a_do_clause_inside_a_scan_is_entered_at_its_start.icn
icon	rungs_entries_bare	893	892	0	1	0	C_ROUTE_FN	890	7550	icon/ladder__rung02_proc_a_real_callee_invokes_by_its_integer_part.icn,icon/ladder__rung02_proc_a_returned_variable_derefs_at_the_invocation.icn,icon/ladder__rung03_suspend_a_bang_over_a_cset_suspends_each_character.icn,icon/ladder__rung03_suspend_a_bang_over_a_generator_resumes_the_generator.icn,icon/ladder__rung03_suspend_a_do_clause_inside_a_scan_is_entered_at_its_start.icn
pascal	rungs_entries_bare	252	252	0	0	0	C_PROC_STAGED	109	917	pascal/benchmark_perm.pas,pascal/benchmark_queens.pas,pascal/benchmark_quick.pas,pascal/benchmark_towers.pas,pascal/benchmark_uplevel2.pas
pascal	rungs_entries_bare	252	252	0	0	0	C_ROUTE_FN	106	836	pascal/benchmark_bubble.pas,pascal/benchmark_intmm.pas,pascal/benchmark_perm.pas,pascal/benchmark_queens.pas,pascal/benchmark_quick.pas
prolog	rungs_entries_bare	563	563	0	0	0	C_PROC_STAGED	563	4765	prolog/abolish_1.pl,prolog/abolish_abolish_of_unknown_predicate_1.pl,prolog/abolish_abolish_removes_clauses_1.pl,prolog/abolish_call_after_abolish_raises_existence_error_1.pl,prolog/abolish_pred_1.pl
prolog	rungs_entries_bare	563	563	0	0	0	C_ROUTE_FN	563	148191	prolog/abolish_1.pl,prolog/abolish_abolish_of_unknown_predicate_1.pl,prolog/abolish_abolish_removes_clauses_1.pl,prolog/abolish_call_after_abolish_raises_existence_error_1.pl,prolog/abolish_pred_1.pl
raku	rungs_entries_bare	947	936	11	0	0	C_PROC_STAGED	106	148	raku/benchmark_insertion-sort.raku,raku/benchmark_merge-sort.raku,raku/benchmark_spinner.raku,raku/class_sub_say_replace_1.raku,raku/ladder__rung07_subs.raku
raku	rungs_entries_bare	947	936	11	0	0	C_ROUTE_FN	936	3320	raku/array_12.raku,raku/array_13.raku,raku/array_14.raku,raku/array_15.raku,raku/array_16.raku
rebus	rungs_entries_bare	43	43	0	0	0	C_DEFINE_ROLE1	43	43	rebus/alt_replace_1.reb,rebus/alt_replace_2.reb,rebus/alt_replace_3.reb,rebus/arb_break_rem_1.reb,rebus/arith_divide.reb
rebus	rungs_entries_bare	43	43	0	0	0	C_DEFINE_ROLE2	2	2	rebus/simple_output_22.reb,rebus/simple_output_26.reb
rebus	rungs_entries_bare	43	43	0	0	0	C_DEFINE_ROLE5	43	48	rebus/alt_replace_1.reb,rebus/alt_replace_2.reb,rebus/alt_replace_3.reb,rebus/arb_break_rem_1.reb,rebus/arith_divide.reb
rebus	rungs_entries_bare	43	43	0	0	0	C_PROC_STAGED	43	50	rebus/alt_replace_1.reb,rebus/alt_replace_2.reb,rebus/alt_replace_3.reb,rebus/arb_break_rem_1.reb,rebus/arith_divide.reb
rebus	rungs_entries_bare	43	43	0	0	0	C_ROUTE_FN	43	57	rebus/alt_replace_1.reb,rebus/alt_replace_2.reb,rebus/alt_replace_3.reb,rebus/arb_break_rem_1.reb,rebus/arith_divide.reb
snobol4	rungs_entries_bare	2001	1990	11	0	0	A_SLIM_ROAD_Z	2	7	snobol4/define_params_30_restore_caller.sno,snobol4/define_params_60_restore_caller.sno
snobol4	rungs_entries_bare	2001	1990	11	0	0	C_DEFINE_ROLE1	394	394	snobol4/arbno_span_len_replace_branch_1.sno,snobol4/array_defer_indirect_replace_branch_1.sno,snobol4/array_keyword_replace_branch_1.sno,snobol4/array_replace_2.sno,snobol4/array_replace_branch_2.sno
snobol4	rungs_entries_bare	2001	1990	11	0	0	C_DEFINE_ROLE2	132	132	snobol4/array_defer_indirect_replace_branch_1.sno,snobol4/array_replace_2.sno,snobol4/array_replace_branch_2.sno,snobol4/benchmark_calculator-1.sno,snobol4/benchmark_calculator-2.sno
snobol4	rungs_entries_bare	2001	1990	11	0	0	C_DEFINE_ROLE3	118	442	snobol4/arbno_fence_pos_branch_26.sno,snobol4/arbno_pos_defer_branch_1.sno,snobol4/arbno_pos_rpos_branch_83.sno,snobol4/arbno_pos_rpos_branch_84.sno,snobol4/arbno_pos_rpos_branch_85.sno
snobol4	rungs_entries_bare	2001	1990	11	0	0	C_DEFINE_ROLE5	396	1041	snobol4/arbno_span_len_replace_branch_1.sno,snobol4/arg_local_answer_a_name_1.sno,snobol4/array_defer_indirect_replace_branch_1.sno,snobol4/array_keyword_replace_branch_1.sno,snobol4/array_replace_2.sno
snobol4	rungs_entries_bare	2001	1990	11	0	0	C_PROC_STAGED	342	1217	snobol4/arbno_span_len_replace_branch_1.sno,snobol4/array_defer_indirect_replace_branch_1.sno,snobol4/array_keyword_replace_branch_1.sno,snobol4/array_replace_2.sno,snobol4/array_replace_branch_2.sno
snobol4	rungs_entries_bare	2001	1990	11	0	0	C_ROUTE_FN	1986	6330	snobol4/abort_alt_branch_1.sno,snobol4/abort_alt_branch_2.sno,snobol4/abort_alt_keyword_branch_1.sno,snobol4/alt_1.sno,snobol4/alt_2.sno
snocone	rungs_entries_bare	338	338	0	0	0	C_DEFINE_ROLE3	1	1	snocone/eval_datatype_defer_1.sc
snocone	rungs_entries_bare	338	338	0	0	0	C_PROC_STAGED	35	131	snocone/array_replace_3.sc,snocone/break_any_pos_replace_1.sc,snocone/break_len_rem_replace_2.sc,snocone/indirect_replace_1.sc,snocone/replace_keyword_replace_2.sc
snocone	rungs_entries_bare	338	338	0	0	0	C_ROUTE_FN	338	569	snocone/abort_alt_1.sc,snocone/any_capture_1.sc,snocone/any_capture_replace_1.sc,snocone/arb_capture_1.sc,snocone/arb_span_break_replace_1.sc
# SECOND PASS, THE SLIM ROADS ON THE CURED TREE (cto 2026-09-27): plant tree beaf84b26 (the role-4 shim takes 30 to 60 formals) with 6 emit-time tags -- A_SLIM_ROAD_Z and A_SLIM_ROAD at the two
# rt_proc_call_open_slim sites, C_SIG_Z/C_SIG and C_TINY_Z/C_TINY at the signature and tiny arms that precede them. Three passes: (1) scrip --compile over the three populations above; (2) MODE 3 (compile
# and run, 30 s, stdin /dev/null) over the SNOBOL4, Snocone and Rebus rungs entries with their declared compile_args, so code compiled at RUN TIME (EVAL, CODE) prints its tags too -- the population a
# compile-only plant cannot see; (3) the forced-positive control, SCRIP_NO_TINY=1 over the dyn-scope rungs entries and corpus sources, which must fire both slim tags.
# RESULT: both slim tags 0 in passes (1) and (2); in (3) A_SLIM_ROAD_Z fired in 330 SNOBOL4, 34 Snocone and 43 Rebus rungs entries and 290 SNOBOL4 corpus sources, A_SLIM_ROAD in 2 rungs entries and
# 6 corpus sources. So no program of any population reaches either slim road once the shim admits every DEFINE the SCC probe admits; the roads are retired again (the sites a loud x86_bomb).
# util_plant_pass.py 2026-09-27 08:42 -- binary <scratch control worktree>/scrip on tree beaf84b26 spine: a DEFINE with 30 to 60 formals is entered through the role-4 shim -- each per-formal loop is one chain of arg arms and a fall-through run of ext arms, one label id per formal, and the signature table grows with the call; scrip --compile; planted files:  1 file changed, 6 insertions(+)
icon	corpus_sources	1710	1508	202	0	0	-	0	0	
pascal	corpus_sources	1072	355	717	0	0	-	0	0	
prolog	corpus_sources	523	494	26	3	0	-	0	0	
raku	corpus_sources	197	156	41	0	0	-	0	0	
rebus	corpus_sources	7	7	0	0	0	C_SIG_Z	7	25	benchmarks/rebus/arith_loop.reb,benchmarks/rebus/fib_recur.reb,benchmarks/rebus/string_concat.reb,tests/rebus/ALL.reb,tests/rebus/binary_trees.reb
snobol4	corpus_sources	1028	684	343	1	0	C_SIG	5	25	packages/snobol4/aisnobol/ENDING.sno,packages/snobol4/csnobol4_suite/spit.sno,packages/snobol4/gimpel/INFINIP_lib_driver.sno,packages/snobol4/gimpel/STATEF_driver.sno,packages/snobol4/snoflake_suite/word-ending-analysis.sno
snobol4	corpus_sources	1028	684	343	1	0	C_SIG_Z	291	75701	benchmarks/snobol4/demo/calculator-1-match-fence.sno,benchmarks/snobol4/demo/calculator-1-match.sno,benchmarks/snobol4/demo/calculator-1.sno,benchmarks/snobol4/demo/calculator-2-match-fence.sno,benchmarks/snobol4/demo/calculator-2-match.sno
snocone	corpus_sources	122	119	3	0	0	C_SIG	1	11	demos/snocone/beauty/beauty.sc
snocone	corpus_sources	122	119	3	0	0	C_SIG_Z	39	931	benchmarks/snocone/demo/calculator-1-match-fence.sc,benchmarks/snocone/demo/calculator-1-match.sc,benchmarks/snocone/demo/calculator-1.sc,benchmarks/snocone/demo/calculator-2-match.sc,benchmarks/snocone/demo/claws5-match-fence.sc
icon	rungs_entries	893	893	0	0	0	-	0	0	
pascal	rungs_entries	252	252	0	0	0	-	0	0	
prolog	rungs_entries	563	563	0	0	0	-	0	0	
raku	rungs_entries	947	939	8	0	0	-	0	0	
rebus	rungs_entries	43	43	0	0	0	C_SIG_Z	43	50	rebus/alt_replace_1.reb,rebus/alt_replace_2.reb,rebus/alt_replace_3.reb,rebus/arb_break_rem_1.reb,rebus/arith_divide.reb
snobol4	rungs_entries	2001	1990	11	0	0	C_SIG	2	5	snobol4/user_function_array_replace_branch_1.sno,snobol4/user_function_indirect_replace_1.sno
snobol4	rungs_entries	2001	1990	11	0	0	C_SIG_Z	331	1174	snobol4/arbno_span_len_replace_branch_1.sno,snobol4/array_defer_indirect_replace_branch_1.sno,snobol4/array_keyword_replace_branch_1.sno,snobol4/array_replace_2.sno,snobol4/array_replace_branch_2.sno
snocone	rungs_entries	338	338	0	0	0	C_SIG_Z	35	131	snocone/array_replace_3.sc,snocone/break_any_pos_replace_1.sc,snocone/break_len_rem_replace_2.sc,snocone/indirect_replace_1.sc,snocone/replace_keyword_replace_2.sc
icon	rungs_entries_bare	893	893	0	0	0	-	0	0	
pascal	rungs_entries_bare	252	252	0	0	0	-	0	0	
prolog	rungs_entries_bare	563	563	0	0	0	-	0	0	
raku	rungs_entries_bare	947	939	8	0	0	-	0	0	
rebus	rungs_entries_bare	43	43	0	0	0	C_SIG_Z	43	50	rebus/alt_replace_1.reb,rebus/alt_replace_2.reb,rebus/alt_replace_3.reb,rebus/arb_break_rem_1.reb,rebus/arith_divide.reb
snobol4	rungs_entries_bare	2001	1990	11	0	0	C_SIG	2	5	snobol4/user_function_array_replace_branch_1.sno,snobol4/user_function_indirect_replace_1.sno
snobol4	rungs_entries_bare	2001	1990	11	0	0	C_SIG_Z	331	1174	snobol4/arbno_span_len_replace_branch_1.sno,snobol4/array_defer_indirect_replace_branch_1.sno,snobol4/array_keyword_replace_branch_1.sno,snobol4/array_replace_2.sno,snobol4/array_replace_branch_2.sno
snocone	rungs_entries_bare	338	338	0	0	0	C_SIG_Z	35	131	snocone/array_replace_3.sc,snocone/break_any_pos_replace_1.sc,snocone/break_len_rem_replace_2.sc,snocone/indirect_replace_1.sc,snocone/replace_keyword_replace_2.sc
# util_plant_pass.py 2026-09-27 08:42 -- binary <scratch control worktree>/scrip on tree beaf84b26 spine: a DEFINE with 30 to 60 formals is entered through the role-4 shim -- each per-formal loop is one chain of arg arms and a fall-through run of ext arms, one label id per formal, and the signature table grows with the call; mode 3 (compile and run); planted files:  1 file changed, 6 insertions(+)
rebus	rungs_entries_m3	43	39	4	0	0	C_SIG_Z	43	50	rebus/alt_replace_1.reb,rebus/alt_replace_2.reb,rebus/alt_replace_3.reb,rebus/arb_break_rem_1.reb,rebus/arith_divide.reb
snobol4	rungs_entries_m3	2001	1989	12	0	0	C_SIG	2	5	snobol4/user_function_array_replace_branch_1.sno,snobol4/user_function_indirect_replace_1.sno
snobol4	rungs_entries_m3	2001	1989	12	0	0	C_SIG_Z	339	1254	snobol4/arbno_span_len_replace_branch_1.sno,snobol4/array_defer_indirect_replace_branch_1.sno,snobol4/array_keyword_replace_branch_1.sno,snobol4/array_replace_2.sno,snobol4/array_replace_branch_2.sno
snocone	rungs_entries_m3	338	336	2	0	0	C_SIG_Z	35	131	snocone/array_replace_3.sc,snocone/break_any_pos_replace_1.sc,snocone/break_len_rem_replace_2.sc,snocone/indirect_replace_1.sc,snocone/replace_keyword_replace_2.sc
# util_plant_pass.py 2026-09-27 08:44 -- binary <scratch control worktree>/scrip on tree beaf84b26 spine: a DEFINE with 30 to 60 formals is entered through the role-4 shim -- each per-formal loop is one chain of arg arms and a fall-through run of ext arms, one label id per formal, and the signature table grows with the call; scrip --compile; env SCRIP_NO_TINY=1; planted files:  1 file changed, 6 insertions(+)
rebus	rungs_entries	43	43	0	0	0	A_SLIM_ROAD_Z	43	50	rebus/alt_replace_1.reb,rebus/alt_replace_2.reb,rebus/alt_replace_3.reb,rebus/arb_break_rem_1.reb,rebus/arith_divide.reb
snobol4	rungs_entries	2001	1990	11	0	0	A_SLIM_ROAD	2	5	snobol4/user_function_array_replace_branch_1.sno,snobol4/user_function_indirect_replace_1.sno
snobol4	rungs_entries	2001	1990	11	0	0	A_SLIM_ROAD_Z	330	1172	snobol4/arbno_span_len_replace_branch_1.sno,snobol4/array_defer_indirect_replace_branch_1.sno,snobol4/array_keyword_replace_branch_1.sno,snobol4/array_replace_2.sno,snobol4/array_replace_branch_2.sno
snocone	rungs_entries	338	338	0	0	0	A_SLIM_ROAD_Z	34	130	snocone/array_replace_3.sc,snocone/break_any_pos_replace_1.sc,snocone/break_len_rem_replace_2.sc,snocone/indirect_replace_1.sc,snocone/replace_keyword_replace_2.sc
rebus	corpus_sources	7	7	0	0	0	A_SLIM_ROAD_Z	7	25	benchmarks/rebus/arith_loop.reb,benchmarks/rebus/fib_recur.reb,benchmarks/rebus/string_concat.reb,tests/rebus/ALL.reb,tests/rebus/binary_trees.reb
snobol4	corpus_sources	1028	684	343	1	0	A_SLIM_ROAD	5	25	packages/snobol4/aisnobol/ENDING.sno,packages/snobol4/csnobol4_suite/spit.sno,packages/snobol4/gimpel/INFINIP_lib_driver.sno,packages/snobol4/gimpel/STATEF_driver.sno,packages/snobol4/snoflake_suite/word-ending-analysis.sno
snobol4	corpus_sources	1028	684	343	1	0	A_SLIM_ROAD_Z	290	75696	benchmarks/snobol4/demo/calculator-1-match-fence.sno,benchmarks/snobol4/demo/calculator-1-match.sno,benchmarks/snobol4/demo/calculator-1.sno,benchmarks/snobol4/demo/calculator-2-match-fence.sno,benchmarks/snobol4/demo/calculator-2-match.sno
snocone	corpus_sources	122	119	3	0	0	A_SLIM_ROAD	1	11	demos/snocone/beauty/beauty.sc
snocone	corpus_sources	122	119	3	0	0	A_SLIM_ROAD_Z	39	930	benchmarks/snocone/demo/calculator-1-match-fence.sc,benchmarks/snocone/demo/calculator-1-match.sc,benchmarks/snocone/demo/calculator-1.sc,benchmarks/snocone/demo/calculator-2-match.sc,benchmarks/snocone/demo/claws5-match-fence.sc
