program	class	m3_vs_m4	m3_vs_ref	m4_vs_ref
fileinfo	IDENTICAL	=	DIFF	DIFF
triplet	M3-MISS	-	-	-
023_arith_add	IDENTICAL	=	=	=
024_arith_subtract	IDENTICAL	=	=	=
025_arith_multiply	IDENTICAL	=	=	=
026_arith_divide	IDENTICAL	=	=	=
027_arith_exponent	IDENTICAL	=	=	=
028_arith_unary_minus	IDENTICAL	=	=	=
029_arith_precedence	IDENTICAL	=	=	=
030_arith_remdr	IDENTICAL	=	=	=
009_assign_string	IDENTICAL	=	=	=
010_assign_integer	IDENTICAL	=	=	=
011_assign_chain	IDENTICAL	=	=	=
012_assign_null	M3-MISS	-	-	-
013_assign_overwrite	IDENTICAL	=	=	=
014_assign_indirect_dollar	IDENTICAL	=	=	=
015_assign_indirect_var	IDENTICAL	=	=	=
016_assign_to_output	IDENTICAL	=	=	=
058_capture_dot_immediate	IDENTICAL	=	=	=
059_capture_dollar_deferred	IDENTICAL	=	=	=
060_capture_multiple	IDENTICAL	=	=	=
061_capture_in_arbno	M3-MISS	-	-	-
062_capture_replacement	IDENTICAL	=	=	=
063_capture_null_replace	IDENTICAL	=	=	=
064_capture_conditional	IDENTICAL	=	=	=
065_capture_then_arbno	IDENTICAL	=	=	=
066_capture_then_fenced_arbno	DIFFER	DIFF	=	DIFF
017_concat_two_strings	IDENTICAL	=	=	=
018_concat_three_strings	IDENTICAL	=	=	=
019_concat_var_string	IDENTICAL	=	=	=
020_concat_integer_string	IDENTICAL	=	=	=
021_concat_in_assignment	IDENTICAL	=	=	=
022_concat_multipart	IDENTICAL	=	=	=
expr_eval	M3-MISS	-	-	-
031_goto_unconditional	IDENTICAL	=	=	=
032_goto_loop_count	IDENTICAL	=	=	=
033_goto_success	IDENTICAL	=	=	=
034_goto_failure	IDENTICAL	=	=	=
035_goto_both_branches	IDENTICAL	=	=	=
036_goto_skip_to_end	IDENTICAL	=	=	=
037_goto_nested_labels	IDENTICAL	=	=	=
coverage_sno_nodes	BOTH-FAIL	-	-	-
091_array_create_access	IDENTICAL	=	=	=
092_array_loop_fill	IDENTICAL	=	=	=
093_table_create_access	IDENTICAL	=	=	=
094_data_define_access	IDENTICAL	=	=	=
095_data_field_set	IDENTICAL	=	=	=
096_data_datatype_check	IDENTICAL	=	=	=
060_pred_operand_edge	IDENTICAL	=	=	=
083_define_simple_return	IDENTICAL	=	=	=
084_define_loop_call	IDENTICAL	=	=	=
085_define_two_args	IDENTICAL	=	=	=
086_define_locals	IDENTICAL	=	=	=
087_define_freturn	IDENTICAL	=	=	=
088_define_recursive_fib	IDENTICAL	=	=	=
089_define_in_pattern	IDENTICAL	=	=	=
090_define_entry_label	IDENTICAL	=	=	=
097_define_capture_return_d2probe	M3-MISS	-	-	-
200_gc_churn_live_anchor	IDENTICAL	=	=	=
201_gc_live_globals	IDENTICAL	=	=	=
202_gc_array_strings	IDENTICAL	=	=	=
203_gc_table_string_keys	IDENTICAL	=	=	=
204_gc_recursive_frames	IDENTICAL	=	=	=
205_gc_data_records	IDENTICAL	=	=	=
206_gc_pattern_capture	IDENTICAL	=	=	=
207_gc_indirect_names	IDENTICAL	=	=	=
208_gc_shared_alias	IDENTICAL	=	=	=
209_gc_big_strings	IDENTICAL	=	=	=
210_gc_deep_nesting	IDENTICAL	=	=	=
211_gc_name_ref	IDENTICAL	=	=	=
212_gc_args_in_flight	IDENTICAL	=	=	=
213_gc_exhaustion_churn	IDENTICAL	=	=	=
214_gc_exhaustion_live_set	IDENTICAL	=	=	=
empty_string	M3-MISS	-	-	-
hello	IDENTICAL	=	=	=
literals	IDENTICAL	=	=	=
multi	IDENTICAL	=	=	=
076_builtin_ident	IDENTICAL	=	=	=
077_builtin_differ	IDENTICAL	=	=	=
078_builtin_gt	IDENTICAL	=	=	=
079_builtin_lt_le_ge	IDENTICAL	=	=	=
080_builtin_eq_ne	IDENTICAL	=	=	=
081_builtin_datatype	IDENTICAL	=	=	=
082_keyword_stcount	IDENTICAL	=	=	=
097_keyword_alphabet	IDENTICAL	=	=	=
098_keyword_anchor	IDENTICAL	=	=	=
099_keyword_rw	IDENTICAL	=	=	=
099_lexical_compare	IDENTICAL	=	=	=
100_roman_numeral	IDENTICAL	=	=	=
test_case	DIFFER	DIFF	DIFF	DIFF
test_math	IDENTICAL	=	=	=
test_stack	DIFFER	DIFF	=	DIFF
test_string	DIFFER	DIFF	DIFF	DIFF
001_output_string_literal	IDENTICAL	=	=	=
002_output_integer_literal	IDENTICAL	=	=	=
003_output_real_literal	IDENTICAL	=	=	=
004_output_empty_string	M3-MISS	-	-	-
005_output_multiline	IDENTICAL	=	=	=
006_output_keyword_alphabet	IDENTICAL	=	=	=
007_output_null_var	M3-MISS	-	-	-
008_output_double_quoted	IDENTICAL	=	=	=
038_pat_literal	IDENTICAL	=	=	=
039_pat_any	IDENTICAL	=	=	=
040_pat_notany	IDENTICAL	=	=	=
041_pat_span	IDENTICAL	=	=	=
042_pat_break	IDENTICAL	=	=	=
043_pat_len	IDENTICAL	=	=	=
044_pat_pos	IDENTICAL	=	=	=
045_pat_rpos	IDENTICAL	=	=	=
046_pat_tab	IDENTICAL	=	=	=
047_pat_rtab	IDENTICAL	=	=	=
048_pat_rem	IDENTICAL	=	=	=
049_pat_arb	M3-MISS	-	-	-
050_pat_alt_two	IDENTICAL	=	=	=
051_pat_alt_three	IDENTICAL	=	=	=
052_pat_arbno	IDENTICAL	=	=	=
053_pat_alt_commit	IDENTICAL	=	=	=
054_pat_arbno_alt	IDENTICAL	=	=	=
055_pat_concat_seq	IDENTICAL	=	=	=
056_pat_star_deref	IDENTICAL	=	=	=
057_pat_fail_builtin	IDENTICAL	=	=	=
058_pat_fence_keyword	IDENTICAL	=	=	=
059_pat_fence_fn_basic	IDENTICAL	=	=	=
060_pat_fence_fn_fail	IDENTICAL	=	=	=
061_pat_fence_fn_seal	IDENTICAL	=	=	=
062_pat_fence_fn_outer	IDENTICAL	=	=	=
063_pat_fence_fn_optional	M3-MISS	-	-	-
064_pat_fence_fn_capture	M3-MISS	-	-	-
064_replace_multi_arm	DIFFER	DIFF	=	DIFF
065_pat_fence_fn_decimal	M3-MISS	-	-	-
066_pat_fence_fn_nested	M3-MISS	-	-	-
067_pat_fence_fn_vs_kw	IDENTICAL	=	=	=
068_pat_fence_fn_three_way	IDENTICAL	=	=	=
068_pat_fence_fn_via_var	IDENTICAL	=	=	=
069_pat_fence_fn_full_match	IDENTICAL	=	=	=
070_pat_arbno_star_var_digits	IDENTICAL	=	=	=
071_pat_star_var_concat	IDENTICAL	=	=	=
072_pat_star_var_alt_backtrack	IDENTICAL	=	=	=
073_pat_star_var_capture	IDENTICAL	=	=	=
074_pat_star_var_cursor	IDENTICAL	=	=	=
075_pat_arbno_star_backtrack	IDENTICAL	=	=	=
100_pat_fence_two_alts_first	IDENTICAL	=	=	=
101_pat_fence_falls_through	IDENTICAL	=	=	=
102_pat_fence_complete_fail	IDENTICAL	=	=	=
103_pat_fence_in_concat	IDENTICAL	=	=	=
104_pat_fence_seals_back_in_concat	IDENTICAL	=	=	=
105_pat_fence_empty	IDENTICAL	=	=	=
106_pat_fence_with_capture	IDENTICAL	=	=	=
107_pat_fence_nested	IDENTICAL	=	=	=
108_pat_fence_via_var_basic	IDENTICAL	=	=	=
109_pat_fence_via_var_seal_blocks_retry	IDENTICAL	=	=	=
110_pat_fence_via_var_then_extra	IDENTICAL	=	=	=
111_pat_fence_via_var_falls_to_outer	IDENTICAL	=	=	=
112_pat_fence_via_var_two_in_concat	IDENTICAL	=	=	=
113_pat_fence_via_var_two_with_seal_retry	IDENTICAL	=	=	=
114_pat_fence_via_var_in_paren_alt	M3-MISS	-	-	-
115_pat_fence_via_var_recursive	M3-MISS	-	-	-
116_pat_arbno_of_fence_inline	IDENTICAL	=	=	=
117_pat_arbno_of_star_var_fence	IDENTICAL	=	=	=
118_pat_arbno_of_star_var_fence_seal_blocks	IDENTICAL	=	=	=
119_pat_arbno_of_fence_via_var_via_outer	IDENTICAL	=	=	=
120_pat_calc_add	M3-MISS	-	-	-
121_pat_calc_op_dispatch	DIFFER	DIFF	=	DIFF
122_pat_calc_seal_prefix	IDENTICAL	=	=	=
123_pat_regex_alt_class	IDENTICAL	=	=	=
124_pat_regex_keyword_seal	M3-MISS	-	-	-
125_pat_json_literal	IDENTICAL	=	=	=
126_pat_json_number	M3-MISS	-	-	-
127_pat_json_keyvalue	M3-MISS	-	-	-
128_pat_recursive_grammar_right_rec	M3-MISS	-	-	-
129_pat_arbno_star_var_fence_with_alts	IDENTICAL	=	=	=
130_pat_two_star_fence_concat_outer	M3-MISS	-	-	-
131_pat_boolean_expr_grammar	M3-MISS	-	-	-
132_pat_fence_eps_recur_shallow	M3-MISS	-	-	-
133_pat_fence_eps_recur_deep	M3-MISS	-	-	-
134_pat_fence_eps_recur_stress	M3-MISS	-	-	-
135_pat_balanced_parens_shallow	M3-MISS	-	-	-
136_pat_balanced_parens_deep	M3-MISS	-	-	-
137_pat_balanced_mixed	M3-MISS	-	-	-
138_pat_calc_paren_expr	M3-MISS	-	-	-
139_pat_calc_paren_deep	M3-MISS	-	-	-
140_pat_eval_double_fn_trick	M3-MISS	-	-	-
141_pat_eval_double_fn_arbno	DIFFER	DIFF	DIFF	DIFF
142_pat_arbno_fence_arbno	IDENTICAL	=	=	=
143_pat_regex_quantified_class	IDENTICAL	=	DIFF	DIFF
144_pat_json_nested_array	M3-MISS	-	-	-
145_pat_left_assoc_via_arbno_fence	M3-MISS	-	-	-
146_pat_fence_alt_with_capture	M3-MISS	-	-	-
147_pat_fence_through_unevaluated	M3-MISS	-	-	-
148_pat_arbno_star_var_fence_short	IDENTICAL	=	=	=
149_pat_arbno_star_var_fence_outer_pre_match	IDENTICAL	=	=	=
150_pat_star_var_fence_alts_no_arbno	M3-MISS	-	-	-
151_pat_arbno_inline_fence_backtrack	M3-MISS	-	-	-
152_pat_json_keyvalue_renamed	M3-MISS	-	-	-
153_pat_operand_edge_matrix	DIFFER	DIFF	DIFF	DIFF
154_pat_construction_time_hoist	DIFFER	DIFF	DIFF	DIFF
155_pat_cap_output_order	IDENTICAL	=	=	=
156_pat_cap_alt_abandon_pop	DIFFER	DIFF	=	DIFF
157_pat_cap_arb_alt_keep	DIFFER	DIFF	DIFF	DIFF
158_pat_cap_arbno_each_iter	IDENTICAL	=	=	=
159_pat_cap_reyield_discard	IDENTICAL	=	=	=
160_pat_alt_inner_gen_resume	M3-MISS	-	-	-
161_pat_defer_fn_nested_match	IDENTICAL	=	=	=
162_pat_arbno_null_body_guard	IDENTICAL	=	=	=
163_pat_arbno_inner_alt_trace	IDENTICAL	=	=	=
164_pat_arbno_nested	IDENTICAL	=	=	=
165_pat_arbno_defer_var_body	DIFFER	DIFF	DIFF	DIFF
166_pat_arbno_cond_assign_commit	IDENTICAL	=	=	=
167_pat_arbno_depth_20k	IDENTICAL	=	=	=
170_pat_abort_kills_match	IDENTICAL	=	=	=
171_pat_abort_no_anchor_advance	IDENTICAL	=	=	=
172_pat_fail_forces_retry	IDENTICAL	=	=	=
173_pat_fence_kw_blocks_backup	IDENTICAL	=	=	=
174_pat_bal_manual_example	IDENTICAL	=	DIFF	DIFF
175_pat_bal_generator_retry	IDENTICAL	=	DIFF	DIFF
176_pat_bal_balanced_forms	IDENTICAL	=	DIFF	DIFF
177_pat_bal_unbalanced_rejected	IDENTICAL	=	=	=
178_pat_recursive_star_list_zs2	M3-MISS	-	-	-
179_pat_arbno_defer_recursive_list	M3-MISS	-	-	-
180_pat_arbno_defer_nonrecursive	DIFFER	DIFF	DIFF	DIFF
181_pat_arbno_defer_tail_stressors	DIFFER	DIFF	DIFF	DIFF
182_pat_arbno_defer_windowed_leaf	DIFFER	DIFF	DIFF	DIFF
183_pat_arbno_defer_recursive_carry	DIFFER	DIFF	DIFF	DIFF
1010_func_recursion	IDENTICAL	=	=	=
1011_func_redefine	IDENTICAL	=	=	=
1012_func_locals	IDENTICAL	=	=	=
1013_func_nreturn	IDENTICAL	=	=	=
1014_func_freturn	IDENTICAL	=	=	=
1015_opsyn	IDENTICAL	=	=	=
1016_eval	IDENTICAL	=	=	=
1017_arg_local	M4-MISS	-	-	-
1018_apply	IDENTICAL	=	=	=
1019_eval_string	IDENTICAL	=	=	=
1020_code_label_transfer	IDENTICAL	=	=	=
1021_code_direct_goto	IDENTICAL	=	=	=
1022_eval_fail	IDENTICAL	=	=	=
1110_array_1d	IDENTICAL	=	=	=
1111_array_default	IDENTICAL	=	=	=
1112_array_multi	IDENTICAL	=	=	=
1113_table	IDENTICAL	=	=	=
1114_item	IDENTICAL	=	=	=
1115_data_basic	IDENTICAL	=	=	=
1116_data_overlap	IDENTICAL	=	=	=
210_indirect_ref	IDENTICAL	=	=	=
211_indirect_assign	IDENTICAL	=	=	=
212_indirect_array	IDENTICAL	=	=	=
213_indirect_name	IDENTICAL	=	=	=
214_indirect_goto	IDENTICAL	=	=	=
215_indirect_goto_cond	IDENTICAL	=	=	=
216_indirect_goto_computed	IDENTICAL	=	=	=
310_concat_strings	IDENTICAL	=	=	=
311_concat_numeric	IDENTICAL	=	=	=
312_concat_null	IDENTICAL	=	=	=
410_arith_int	IDENTICAL	=	=	=
411_arith_unary	IDENTICAL	=	=	=
412_arith_real	IDENTICAL	=	=	=
413_arith_mixed	IDENTICAL	=	=	=
414_remdr	IDENTICAL	=	=	=
810_replace	IDENTICAL	=	=	=
811_size	IDENTICAL	=	=	=
812_dupl	IDENTICAL	=	=	=
813_reverse	IDENTICAL	=	=	=
814_trim	IDENTICAL	=	=	=
815_lpad	IDENTICAL	=	=	=
816_rpad	IDENTICAL	=	=	=
910_convert	IDENTICAL	=	=	=
911_datatype	IDENTICAL	=	=	=
912_num_pred	IDENTICAL	=	=	=
913_integer_pred	IDENTICAL	=	=	=
914_lgt	IDENTICAL	=	=	=
915_llt	IDENTICAL	=	=	=
916_leq	IDENTICAL	=	=	=
917_lne	IDENTICAL	=	=	=
918_lge	IDENTICAL	=	=	=
919_lle	IDENTICAL	=	=	=
W01_pat_lit_anchor	IDENTICAL	=	=	=
W01_pat_lit_basic	IDENTICAL	=	=	=
W01_pat_lit_fail	IDENTICAL	=	=	=
W02_seq_basic	IDENTICAL	=	=	=
W02_seq_fail_propagate	IDENTICAL	=	=	=
W02_seq_nested	IDENTICAL	=	=	=
W03_alt_basic	IDENTICAL	=	=	=
W03_alt_both_fail	IDENTICAL	=	=	=
W03_alt_second	IDENTICAL	=	=	=
W04_arbno_backtrack	IDENTICAL	=	=	=
W04_arbno_basic	IDENTICAL	=	=	=
W04_arbno_zero	IDENTICAL	=	=	=
W05_any	IDENTICAL	=	=	=
W05_break	IDENTICAL	=	=	=
W05_breakx	IDENTICAL	=	=	=
W05_notany	IDENTICAL	=	=	=
W05_span	IDENTICAL	=	=	=
W06_len	IDENTICAL	=	=	=
W06_pos	IDENTICAL	=	=	=
W06_rpos	IDENTICAL	=	=	=
W06_tab	IDENTICAL	=	=	=
W07_capt_chain	IDENTICAL	=	=	=
W07_capt_cond	IDENTICAL	=	=	=
W07_capt_cur	IDENTICAL	=	=	=
W07_capt_fail	IDENTICAL	=	=	=
W07_capt_imm	IDENTICAL	=	=	=
065_builtin_size	IDENTICAL	=	=	=
066_builtin_substr	IDENTICAL	=	=	=
067_builtin_replace	IDENTICAL	=	=	=
068_builtin_trim	IDENTICAL	=	=	=
069_builtin_dupl	IDENTICAL	=	=	=
070_builtin_reverse	IDENTICAL	=	=	=
071_builtin_ucase	IDENTICAL	=	=	=
072_builtin_lcase	IDENTICAL	=	=	=
073_builtin_lpad	IDENTICAL	=	=	=
074_builtin_rpad	IDENTICAL	=	=	=
075_builtin_integer_test	IDENTICAL	=	=	=
cross	M3-MISS	-	-	-
word1	M3-MISS	-	-	-
word2	M3-MISS	-	-	-
word3	M3-MISS	-	-	-
word4	M3-MISS	-	-	-
wordcount	IDENTICAL	=	DIFF	DIFF
