# CLASS_AB.tsv -- the fixed tables that STAY FIXED, declared (ceo CEO-1234 (1), 2026-09-24, on the coo's ask; the page
# .github/ARCH-DYNAMIC-STORAGE.md section 2 is the rule, this file is its machine form and the page points here).
# FORMAT: file<TAB>name<TAB>class<TAB>reason -- class A (bounded by the machine or the language definition) or B (scratch for one
# value of fixed width); the reason carries THE MEASUREMENT THAT EARNED THE CLASS, never an opinion.
# READ BY util_dyn_caps_witness.sh census: a declared table leaves the no-guard and drop lines (only a const table leaves them by
# rule, CEO-1234); the ratchet COUNT is unchanged (a class-A table still lands with its BASELINE step). A row naming a table the
# tree no longer declares is a ratchet RED -- a stale declaration is a keep-list nobody notices has stopped applying.
# ⛔ NOT HERE: a table the page lists as class C (convert it), and instrumentation the page says must refuse loudly (guard it).
src/ir/scrip_ir.c	kind_names	A	an enum's count (IR_OP_COUNT, the page's own example): one name per IR op, initialized at its declaration and never written (2 references in src/, the declaration and one read at scrip_ir.c:148, bounds-checked k < IR_OP_COUNT)
src/runtime/core/core.c	g_nv_memo_key	A	an and-masked cache (the cto 2026-09-23 22:1x: the and-masked caches go on the page): NV_MEMO_N 2048 is a power of two and the one index is a hash & (NV_MEMO_N - 1) (core.c:3218); a full slot is overwritten and a miss takes the full lookup, so no program datum is dropped
src/runtime/core/core.c	g_nv_memo_val	A	the value column of the same and-masked cache as g_nv_memo_key (core.c:3218 index, :3224 the one write)
src/runtime/core/core.c	g_nv_memo_seen	A	the generation column of the same and-masked cache as g_nv_memo_key (core.c:3218 index, :3224 the one write)
src/runtime/pattern_match.c	g_dcap_nv_key	A	an and-masked cache (the cto 2026-09-23 22:1x): RT_DCAP_NVCACHE_N 16 is a power of two and both index sites are a hash & (RT_DCAP_NVCACHE_N - 1) (pattern_match.c:721 and :799); a full slot is overwritten and a miss returns 0 to the uncached path
src/runtime/pattern_match.c	g_dcap_nv_cell	A	the cell column of the same and-masked cache as g_dcap_nv_key (pattern_match.c:721, :799)
src/runtime/pattern_match.c	g_dcap_nv_seen	A	the generation column of the same and-masked cache as g_dcap_nv_key (pattern_match.c:721, :799)
src/runtime/rt/gc_heap.c	g_gc_rep_ranges	A	GC_REP_POPS 5 (the page names it): one slot per heap-walk population, the five of g_gc_rep_popname {other, cstack, seam, heapblk, parked} (gc_heap.c:1073); the index g_gc_rep_pop is only ever assigned 0..4 by gc_seg_next (gc_heap.c:1033-1050)
src/runtime/rt/gc_heap.c	g_gc_rep_bytes	A	GC_REP_POPS 5: a column of the same five-population report as g_gc_rep_ranges (gc_heap.c:1074)
src/runtime/rt/gc_heap.c	g_gc_rep_agree	A	GC_REP_POPS 5: a column of the same five-population report as g_gc_rep_ranges (gc_heap.c:1074)
src/runtime/rt/gc_heap.c	g_gc_rep_map_only	A	GC_REP_POPS 5: a column of the same five-population report as g_gc_rep_ranges (gc_heap.c:1074)
src/runtime/rt/gc_heap.c	g_gc_rep_sniff_only	A	GC_REP_POPS 5: a column of the same five-population report as g_gc_rep_ranges (gc_heap.c:1074)
src/runtime/rt/gc_heap.c	g_gc_rep_raw	A	GC_REP_POPS 5: a column of the same five-population report as g_gc_rep_ranges (gc_heap.c:1074)
src/runtime/rt/gc_heap.c	g_gw	A	GC_REP_POPS 5: one walk record per population, indexed by g_gc_rep_pop (0..4) and by loops k < GC_REP_POPS (gc_heap.c:1202, 1214, 1264)
src/runtime/rt/rt_slab.c	g_free	A	NKLASS 3 (the page names it): one free list per slab size class, every index checked k < NKLASS (rt_slab.c:21) or a slab's own klass, which is assigned only that k (rt_slab.c:32, 44-45)
src/runtime/rt/bbprof.c	g_altstack	A	the machine: the profiler's signal alternate stack, whose one use is ss.ss_sp for sigaltstack (bbprof.c:73) -- the kernel writes it on signal delivery; no program datum enters it
src/runtime/rt/rt_stack_overflow.c	arena@ct_alloc	A	the machine: the stack-overflow handler's signal alternate stack, 65536 bytes whose one use is ss.ss_sp for sigaltstack (rt_stack_overflow.c:30-32) -- the kernel writes it on SIGSEGV delivery; no program datum enters it
src/runtime/by_name_dispatch.c	g_bn_direct	A	const (by_name_dispatch.c:6873, 0f560a28e) and indexed by a baked builtin id: rtx_misc.s:20-25 takes the id & 0x3FFF into 16-byte rows after refusing a negative id (js) and the 0x4000 flag; every id is a #define in builtin_ids.h and the largest is 189 (BID___pas_swapendian) against BID_TABSZ 1024 -- the bound is held by the id space, not by the 0x3FFF mask, and no assertion ties the two (ceo CEO-1269: A)
src/runtime/keywords.c	words	A	const (keywords.c:372, af773a80e): the three words RETURN, FRETURN, NRETURN as 8-byte little-endian constants plus a zero word; the one index is (which >= 0 && which <= 2) ? which : 3 (keywords.c:374) (ceo CEO-1269: A)
src/runtime/by_name_dispatch.c	g_ctor_ic	A	an and-masked cache, as g_nv_memo_key (82b4a61a8): RT_CTOR_IC_N 256 is a power of two by _Static_assert (by_name_dispatch.c:5852) and the one index is a Fibonacci hash >> 56 & (RT_CTOR_IC_N - 1), probed at h and h ^ 1 (:5849-5850); a full slot is overwritten (:5851) and a miss (-1) takes the full by-name path rt_call_arr_bl_s, so no program datum is dropped (ceo CEO-1269: A)
src/runtime/by_name_dispatch.c	g_field_ic	A	an and-masked cache (82b4a61a8): RT_FIELD_IC_N 256 is a power of two by _Static_assert (by_name_dispatch.c:5862) and the one index is a hash of the field-name and type pointers & (RT_FIELD_IC_N - 1) (:5866); a hit is confirmed by strcmp against the type's own field name (:5867) and a miss scans idb->fields (:5868) (ceo CEO-1269: A)
src/runtime/by_name_dispatch.c	g_tweak_none	A	an and-masked cache (82b4a61a8): RT_TWEAK_IC_N 64 is a power of two by _Static_assert (by_name_dispatch.c:1094) and the one index is (cname >> 3) & (RT_TWEAK_IC_N - 1) (:1100); a full slot is overwritten (:1105) and a miss walks the full dat_mro chain (:1102) (ceo CEO-1269: A)
src/runtime/by_name_dispatch.c	opsym	A	bounded by the language definition: the icn_opproc_table entry for each Icon operator a procedure value can name (proc(s, i), args()), const, initialized at its declaration and never written; the longest symbol is ~=== (4 characters + NUL = 5 of 6). Its own storage is the point: a procedure value names its entry by address, so proc("*",1) and proc("*",2) stay distinct values, which pointers to two merged "*" literals could not (hq_icon 2026-09-26)
src/ir/stage2.h	buckets	A	STAGE2_PL_PRED_TABLE_SIZE is the WIDTH of a chained hash (256 chain heads), not the capacity of a list: every predicate goes into a chain and no count of predicates can fill it (prolog-600-predicates witness green at 600 = 2.3 per chain); growing it would rehash, which reorders the two bucket-order walks that fix the order predicates are lowered and their bb_idx (lower_prolog.c) -- a Prolog-lane change, not a cap cure; declared A by the cfo 2026-09-27 under CEO-1332
src/runtime/pattern_match.c	g_dcap_nv_key	A	an and-masked cache (RT_DCAP_NVCACHE_N 16, a power of two; the one index is a hash of the name pointer & (RT_DCAP_NVCACHE_N - 1) at pattern_match.c:781 and :860, a miss re-looks the name up): eviction by construction, never a population a program fills
src/runtime/pattern_match.c	g_dcap_nv_cell	A	the cell column of the same and-masked cache as g_dcap_nv_key (:782, :784)
src/runtime/pattern_match.c	g_dcap_nv_seen	A	the generation column of the same and-masked cache as g_dcap_nv_key (:782, :784)
src/runtime/runtime_init.c	g_zsm	A	instrumentation (the zeta state-machine census under SCRIP_ZSM_CENSUS / SCRIP_ZSM_LEAK_REPORT), an and-masked map of node & (ZSM_N - 1) at runtime_init.c:79 and :101 -- a collision is a census imprecision, never a program limit; the page lists instrumentation as class A by declaration, refusing loudly where it drops (g_zsm_seen_nodes aborts at ZSM_N)
src/emitter/emit.cpp	set	A	the byte alphabet: blob_fg_t.set[256] is one flag per byte value of a stored pattern's FIRST set (ceo 2026-09-29, bb51520b1/5955a2e73); declared at emit.cpp:2655, every index is an (unsigned char) cast or a loop 0..255 (emit.cpp lines 2655,2688,2699,2700,2701,2705,2727,2728,2729,2740,2741), never a count a program fills
src/parsers/prolog/prolog_lex.c	CC	A	bounded by the machine: a character-class table with one entry per value of an unsigned char, indexed only through PEEK(n), which casts the byte to unsigned char (prolog_lex.c CLASS(c)); const, initialized at its declaration, never written and never compared; 256 is the index type, not a population (the lexer FSM landing of 2026-09-30, Lon in-chat to the ceo)
src/parsers/prolog/prolog_lex.c	DC	A	bounded by the machine: the token-start dispatch table of the same lexer, one entry per value of an unsigned char, indexed by the byte at the scan pointer after the >= 0x80 test (prolog_lex.c S_START switch); const, initialized at its declaration, never written and never compared; 256 is the index type, not a population
src/runtime/re.c	group_repeatable	A	the fourth column of the Nfa struct's already-fixed-by-MAX_GROUPS row: group_start[MAX_GROUPS]/group_end[MAX_GROUPS]/group_name[MAX_GROUPS][64] predate this ratchet and are not separately classified, so this field (SCRIP 19c2130c3, the quantified named/positional capture pluralization landing) shares their bound rather than introducing a new one. MAX_GROUPS is a named, pre-existing per-pattern capture-group ceiling the parser already refuses past loudly (parse_atom's "too many groups"/"too many capture groups" re_err sites), never truncates or drops. A full conversion of the per-group family to dynamic growth -- group_start/group_end/group_name here plus Cap_snap.gs/ge, the hot-path snapshot ss_add copies BY VALUE at every epsilon-closure step -- is a separate, larger redesign named here rather than invented piecemeal in a one-field bugfix landing
src/runtime/re.h	group_repeatable	A	the Match struct's copy of the same per-pattern capture-count bound as re.c's Nfa.group_repeatable (this page, same row): nfa_exec copies it from the Nfa once per match attempt (re.c, nfa_exec's result->group_repeatable[g] assignment), not a separate population or a separate limit
src/runtime/rt/gc_audit_b.c	buf	A	bounded by the kernel, not by the program: the /proc/self/maps read buffer of gc_audit_b_ctarena, refilled by read() with each partial line carried over; a maps line is its fixed fields plus at most one path, and every line this reader keeps (rw-p, inode 0) carries no path or an anon name of at most 80 bytes (ANON_VMA_NAME_MAX_LEN) -- the longest line in every /proc/*/maps on this box measured 206 bytes on 2026-10-02 against 16384; a longer line can only be a file mapping (inode != 0), which the reset at sizeof buf - 1 skips and the reader would skip anyway (ceo ruling (a) on the coo's arm-5 ask, 2026-10-02)
src/runtime/keywords.c	bits	A	kw_cset_ent_t's membership bitmap: 32 bytes are exactly 256 bits, one per value of the 8-bit alphabet a cset ranges over, so no program can set a 257th member (cfo 2026-10-03, the fixed-tables row's landing 0).
src/runtime/keywords.c	g_kw_cset_regc_ptr	A	the cset registry's DIRECT-MAPPED address memo (with g_kw_cset_regc_len): slot (ptr>>4)&63 is overwritten on every miss and the whole memo is cleared at every collection (kw_cset_gc_weak), so 64 is the speed of a hit, never a limit -- a miss falls through to the content index, which grows (cfo 2026-10-03).
src/runtime/keywords.c	kwb_own	A	the storage cells of the eight bound keywords whose table g_kwb lists them by index, aliased as rt_kwb_own for emitted code: the count is the keyword set of the language definition, fixed at eight entries by g_kwb's own rows (cfo 2026-10-03).
src/runtime/keywords.c	hbuf	A	&host's buffer: gethostname is bounded by the kernel's HOST_NAME_MAX, 64 on Linux (bits/local_lim.h), and 256 holds it with the NUL; the call is told sizeof-1 (cfo 2026-10-03).
